Age,MonthlyIncome,JobSatisfaction,WorkLifeBalance,YearsAtCompany,OverTime,Attrition
50,12264,2,4,3,No,0
36,8644,2,2,6,No,0
29,13650,1,1,0,No,1
42,8168,3,2,0,No,0
40,6736,2,2,7,Yes,0
44,12459,2,3,19,No,0
32,10568,4,1,15,No,1
32,4735,3,1,12,No,1
45,9795,3,3,17,No,0
57,10892,1,2,19,No,0
45,13890,3,3,9,Yes,1
24,10948,1,4,11,Yes,1
43,6247,4,1,0,Yes,1
23,12933,3,4,9,No,0
45,5675,2,3,8,Yes,1
51,14298,4,1,2,No,1
59,14028,1,4,18,No,0
23,7397,4,4,8,No,0
42,7537,1,2,9,No,0
54,9927,4,1,18,No,0
33,11105,1,4,15,Yes,1
43,4514,3,4,17,Yes,0
46,3881,2,2,13,No,0
48,3598,1,4,2,Yes,1
49,5926,4,4,1,Yes,0
37,6155,1,4,0,No,0
36,10438,1,2,17,Yes,1
24,11601,1,4,8,No,1
58,2687,4,4,12,No,0
28,14736,2,1,1,No,0
42,14448,3,1,6,No,0
30,12707,2,2,15,No,0
39,7909,1,3,18,Yes,1
25,4592,4,1,14,Yes,1
46,14336,2,2,10,No,0
35,4630,1,4,0,No,1
30,7742,3,4,6,No,0
47,11049,3,2,19,No,0
23,8147,3,4,7,Yes,0
41,7685,1,4,9,No,0
49,8276,4,3,4,No,0
28,13114,2,4,8,No,0
29,14949,3,1,0,No,0
56,10413,1,4,1,No,0
35,10047,1,2,18,No,0
38,10323,2,3,13,No,0
57,9855,3,4,19,Yes,0
25,8965,1,2,9,No,0
23,3997,2,1,8,Yes,1
27,12850,4,4,9,Yes,1
25,5055,4,3,5,No,0
50,7909,4,4,16,No,0
39,13034,3,2,5,Yes,1
47,5451,2,3,3,No,0
55,3738,2,4,19,Yes,1
31,11665,1,1,2,No,1
57,7227,1,3,18,No,0
35,6465,1,1,17,No,0
52,8186,2,2,3,No,0
36,11742,1,4,7,No,0
29,6201,2,1,16,No,0
35,5280,2,2,4,No,0
44,9898,4,4,12,No,0
42,4088,1,2,0,No,1
37,14570,4,1,12,No,0
39,4868,3,2,3,No,0
45,8289,3,3,13,Yes,1
47,2936,3,4,2,Yes,1
46,5328,2,2,4,No,0
50,4056,2,1,6,No,1
36,10070,2,4,0,No,0
22,14550,1,3,11,No,0
46,9980,4,4,10,No,0
28,11996,2,3,7,Yes,0
30,13076,4,4,5,No,0
45,2682,4,2,1,No,1
22,9690,4,2,18,No,0
29,9187,1,1,19,No,0
45,8065,1,3,19,Yes,1
32,9741,3,1,13,No,0
38,10151,3,2,0,No,0
29,8075,4,3,9,Yes,1
56,4089,3,1,15,No,1
56,12279,4,1,3,No,1
54,11351,1,1,10,No,0
26,2659,1,1,15,Yes,1
49,14645,1,1,19,No,1
28,9055,2,3,0,No,0
30,11703,4,1,15,No,0
29,10744,1,3,18,No,0
33,9346,4,1,8,No,0
55,4807,3,2,8,No,0
54,3728,3,2,8,No,0
44,9726,1,1,16,No,1
45,8090,4,4,11,Yes,1
58,9419,1,2,12,Yes,1
56,8085,3,3,7,Yes,0
43,11727,1,1,15,Yes,1
48,14394,4,3,17,Yes,0
56,8546,3,4,0,Yes,1
22,14737,2,1,0,Yes,1
56,7445,3,2,11,No,0
58,10427,2,3,5,Yes,1
35,9516,1,2,8,No,0
24,10258,1,2,4,Yes,1
22,7586,4,1,15,No,1
26,11956,2,3,17,No,0
47,9661,1,4,16,No,0
35,4384,2,2,17,No,0
48,4309,1,1,0,Yes,1
30,5667,3,1,18,No,0
36,14489,1,4,7,No,0
36,13033,4,1,2,No,0
47,8852,3,2,4,No,0
34,14106,4,1,7,No,0
53,11509,3,3,18,No,0
53,8556,2,3,17,Yes,0
25,4937,4,2,17,No,0
51,8968,1,3,0,Yes,1
58,11580,2,4,14,No,0
44,8451,1,1,17,Yes,1
36,7776,3,2,6,Yes,0
50,11359,3,4,15,No,0
57,10318,1,1,15,No,0
34,7228,1,4,14,No,0
53,5124,2,2,5,Yes,0
28,8238,1,2,8,Yes,1
43,6732,4,4,6,No,0
49,8293,4,1,13,No,0
23,7023,1,3,10,No,0
27,8071,4,3,15,No,0
49,11510,1,4,5,No,0
49,12880,2,2,15,No,0
41,11798,4,1,19,No,1
51,4724,4,1,15,No,0
32,10889,1,2,11,No,0
49,13363,4,3,16,No,0
46,8591,3,1,4,No,0
54,14184,2,4,12,No,0
22,13140,2,3,7,Yes,0
48,11162,4,4,4,Yes,0
34,8861,4,3,11,No,0
24,4448,3,2,8,Yes,1
27,14591,3,4,2,Yes,1
29,12702,4,4,2,No,0
48,14492,4,2,0,No,0
30,9594,3,4,17,No,0
58,8818,1,3,11,No,0
54,14810,3,1,8,No,1
45,6296,1,1,8,No,1
36,14680,2,2,17,No,0
53,2734,2,3,17,No,0
53,11620,3,4,6,No,0
45,6107,1,4,3,No,0
33,10543,3,1,12,Yes,1
23,3022,3,4,16,Yes,1
24,8404,1,1,1,No,0
58,14215,3,2,13,Yes,0
38,7388,2,4,2,No,0
23,12321,4,3,4,No,0
23,8332,4,4,13,No,0
49,9622,3,1,2,No,0
44,8342,1,2,6,No,0
58,3816,1,1,17,Yes,1
53,13549,2,4,12,No,0
54,3624,1,1,9,No,1
22,8121,1,1,12,No,1
40,7923,2,2,15,No,0
23,5087,3,3,8,Yes,1
47,11715,4,4,1,Yes,1
53,8172,2,2,4,Yes,0
27,3878,3,3,16,No,0
53,5874,2,1,3,No,0
25,4019,3,3,16,No,0
32,8277,2,1,8,No,0
38,10435,3,1,19,No,0
59,8593,2,2,1,No,0
45,10918,3,1,17,Yes,1
26,7855,2,2,10,Yes,0
55,7468,4,3,12,No,0
27,11583,4,3,7,No,0
43,8074,1,1,0,No,1
32,6572,3,2,16,No,0
37,4757,2,1,11,No,1
54,13480,3,2,3,Yes,0
30,11088,4,2,12,Yes,0
27,12770,3,2,8,No,0
37,6924,2,3,6,No,0
50,5737,3,2,4,Yes,1
24,6393,2,3,4,Yes,0
41,4505,4,2,16,Yes,1
57,4516,4,3,8,No,1
40,13863,4,4,5,No,0
47,13360,1,3,18,Yes,1
24,12570,4,3,15,Yes,1
40,11888,3,1,1,Yes,1
41,4272,1,2,9,No,0
53,10853,4,4,15,Yes,0
28,6476,3,1,4,No,1
54,4251,3,2,14,Yes,1
39,11467,3,4,12,Yes,0
22,9930,2,4,12,No,0
32,9670,1,4,12,No,0
49,8969,3,2,14,Yes,1
46,11631,2,4,13,No,0
44,5720,4,4,7,No,0
52,3039,3,1,10,No,1
51,3961,2,3,17,No,0
56,7684,3,2,3,No,0
28,11047,1,3,9,No,0
37,14296,1,1,0,Yes,1
47,14015,4,3,4,No,0
23,2734,3,4,12,No,0
22,4048,2,4,0,Yes,1
33,9980,4,2,7,Yes,0
26,12788,3,2,2,Yes,0
58,6713,4,2,2,No,0
53,12793,2,1,6,No,0
30,4173,4,2,3,No,0
56,9208,4,1,2,Yes,1
40,10482,4,4,14,No,0
37,4600,3,3,7,No,0
24,14349,2,4,2,No,0
41,14288,1,4,6,No,0
45,6248,3,4,17,No,0
54,5673,1,2,10,No,0
45,4315,1,2,10,No,0
32,6341,3,2,16,No,0
29,12697,3,3,5,No,0
57,10516,2,2,7,No,0
59,9511,2,1,0,Yes,1
41,6993,4,4,9,Yes,0
56,3174,1,3,18,Yes,1
46,10588,2,3,2,No,0
56,11078,4,3,3,No,0
46,4658,2,3,10,Yes,1
50,5161,3,3,14,Yes,0
39,4564,2,1,0,No,1
39,14543,1,4,8,No,0
23,5753,2,3,10,No,0
56,7479,1,4,18,No,0
37,10203,3,2,12,No,0
57,14958,1,3,15,No,0
54,11431,2,3,3,No,0
25,3901,4,4,0,Yes,1
54,5759,3,3,19,No,0
35,12969,2,3,12,No,0
42,14596,3,3,0,No,0
41,6423,3,1,4,No,0
29,6714,2,1,4,No,0
28,5727,2,3,13,Yes,1
24,13523,4,1,13,No,0
38,14450,3,2,7,Yes,1
54,13204,3,3,3,Yes,0
33,12843,2,2,6,Yes,0
43,14367,1,4,19,No,1
43,5245,2,2,18,No,0
51,8591,3,4,14,No,0
59,6366,2,3,3,No,0
59,14456,4,4,18,No,0
29,8318,1,4,8,No,0
48,4722,2,2,12,No,0
48,5292,4,2,13,No,0
55,12389,3,2,13,No,0
42,14154,2,3,9,No,0
51,6563,3,3,15,No,0
54,4024,4,2,4,No,0
49,10724,3,3,5,Yes,0
54,8698,4,3,1,Yes,0
26,6525,4,4,12,No,0
40,5066,4,4,12,No,0
25,5303,2,2,18,Yes,0
56,14588,3,3,17,No,0
38,6209,3,4,18,Yes,0
49,8655,1,1,0,No,1
51,3219,1,3,7,No,1
50,9016,1,1,15,No,1
27,7079,1,2,1,Yes,1
56,3472,3,3,7,Yes,1
58,6218,4,2,5,No,0
45,9895,4,2,15,Yes,0
50,6902,2,2,10,No,0
52,7052,4,2,16,No,0
56,4707,3,2,18,Yes,1
54,6926,3,3,10,Yes,0
42,9419,3,1,7,No,0
53,13722,2,3,3,Yes,1
44,14267,1,3,10,Yes,1
54,13808,4,3,7,No,0
24,13977,3,4,8,No,0
39,11335,3,4,1,No,0
46,10886,1,3,15,Yes,0
52,14688,3,1,5,No,1
24,11180,4,3,18,No,0
45,4704,2,2,7,No,0
53,13349,3,4,13,No,0
43,7845,4,4,15,No,0
44,5776,3,3,11,No,0
23,3602,1,3,4,Yes,1
48,7743,3,1,18,No,0
23,9114,3,1,17,No,0
47,11933,2,2,8,No,0
38,11207,1,3,1,Yes,1
54,7723,1,3,19,Yes,1
30,11084,2,3,11,No,0
50,3130,3,4,1,No,0
47,14408,4,2,9,No,0
56,12539,1,1,0,Yes,1
46,13347,1,4,3,Yes,1
45,11671,3,4,11,No,0
34,14094,3,4,8,No,0
28,14563,1,4,3,No,1
57,9183,3,2,8,No,0
41,2777,4,3,5,No,0
22,2732,1,1,0,No,1
29,12244,4,1,9,No,0
37,8190,4,4,13,No,0
35,10159,3,4,17,No,0
33,13962,4,2,5,Yes,1
44,13101,3,4,17,No,0
36,14204,2,1,19,Yes,0
49,2525,3,1,15,No,0
55,9968,4,3,14,No,0
23,8910,2,3,15,Yes,0
53,11152,3,1,7,No,0
44,6264,4,1,12,Yes,0
43,9099,1,2,10,No,0
46,14123,1,2,6,No,0
43,7602,3,1,16,Yes,1
43,9506,3,4,17,No,0
27,5983,1,3,18,Yes,1
36,4494,4,1,12,Yes,1
58,11182,4,4,14,No,0
54,3572,4,1,0,No,1
29,9207,3,3,15,Yes,1
26,13865,2,3,4,No,0
25,2715,2,2,2,No,0
27,10105,2,2,9,No,0
53,12415,2,2,18,Yes,0
51,12284,2,2,4,No,0
56,5106,3,3,6,No,0
37,10850,3,4,13,No,0
34,7281,2,4,2,No,0
51,5813,3,4,12,No,0
40,13533,3,1,12,Yes,1
38,12468,2,2,9,No,0
40,12744,4,2,1,No,0
49,10263,3,3,5,No,0
47,8439,4,3,7,No,0
58,4795,3,1,3,No,1
47,8185,3,1,11,No,0
44,4196,2,4,14,No,0
30,13685,3,3,7,Yes,0
33,13161,1,2,6,No,0
22,4446,1,4,13,No,0
22,14501,2,2,18,No,0
55,5283,4,4,13,No,0
53,6144,4,2,12,No,0
46,7741,4,1,0,No,1
22,8920,1,4,18,No,0
37,13192,4,2,0,No,0
26,10057,4,2,3,No,0
43,14337,2,3,9,No,0
50,5145,4,4,2,Yes,0
24,9089,1,2,19,Yes,1
33,8853,1,3,8,No,0
47,13041,1,2,2,Yes,1
37,4432,2,4,5,No,0
58,13986,2,1,5,Yes,1
43,4257,3,4,11,No,1
50,7585,4,4,0,Yes,0
35,8137,2,2,15,No,0
49,3616,1,2,4,No,1
26,13259,1,4,8,No,0
51,14191,2,3,9,No,0
26,2992,2,3,12,No,0
33,13998,2,3,14,No,0
37,11311,3,2,11,Yes,0
47,13924,1,2,4,No,0
47,10388,3,4,4,No,0
42,14515,3,1,17,No,0
57,8974,4,2,11,Yes,0
54,13072,1,4,2,No,0
51,12238,1,4,6,Yes,1
58,7458,2,1,16,No,0
44,14255,2,3,18,No,0
31,12297,4,4,17,Yes,0
26,14444,3,4,0,No,0
57,12582,2,4,4,No,0
55,11967,2,3,1,No,0
52,5243,1,3,0,Yes,1
31,10366,1,1,6,No,1
40,13185,2,2,10,Yes,1
53,9660,1,3,10,No,0
22,7951,4,2,17,No,0
26,7758,2,2,16,No,0
25,11048,1,3,1,Yes,1
37,9686,4,4,6,No,0
45,8602,1,1,6,Yes,1
37,11561,1,2,9,No,0
23,11577,1,4,2,Yes,1
49,12693,2,3,11,No,0
53,11975,3,2,2,Yes,1
48,3119,1,2,10,Yes,1
41,3382,4,2,11,Yes,1
45,11488,2,4,3,No,0
33,6142,2,4,15,Yes,0
56,14117,4,4,19,No,0
54,3796,1,2,17,No,0
54,10936,3,2,3,No,0
58,5395,1,1,5,No,1
33,9093,4,1,14,Yes,0
24,3429,2,4,0,No,0
22,7866,3,4,2,Yes,1
54,11211,2,3,4,No,0
31,5712,4,4,16,Yes,1
50,4909,1,1,13,No,1
34,10699,3,1,8,No,0
33,13217,2,1,2,No,0
52,5923,2,2,12,Yes,0
23,12711,2,2,2,No,0
56,9476,1,4,10,Yes,1
44,10094,3,3,1,No,0
38,7658,1,3,14,No,0
47,14974,1,3,12,No,0
29,6167,1,2,18,No,0
50,14363,4,1,15,No,1
47,13493,4,1,17,No,0
31,8473,4,2,6,No,0
47,8736,3,3,12,No,0
55,10777,1,3,3,No,0
28,13807,1,4,8,Yes,1
25,14924,4,4,9,No,0
32,4968,1,3,8,No,1
50,8717,1,2,6,Yes,1
57,6119,2,3,14,No,0
46,4136,1,4,7,No,1
42,10655,2,3,18,Yes,1
57,6083,1,2,10,No,0
31,6509,3,1,4,No,1
58,5826,4,2,1,No,0
30,12910,2,2,9,No,1
45,10648,4,4,15,No,0
56,4717,2,2,12,Yes,1
56,7467,2,2,7,No,0
57,4869,2,4,8,No,0
39,6138,3,4,10,No,0
53,13195,1,1,10,No,0
45,11635,2,3,15,No,0
44,8222,3,2,9,No,0
53,13529,2,4,11,No,0
58,13352,1,1,5,No,1
33,13628,2,3,11,No,0
34,6944,3,4,9,No,0
44,10118,1,3,17,No,0
46,6447,3,3,17,Yes,0
56,4176,1,2,3,No,0
51,3696,1,2,8,No,0
38,14797,4,4,6,No,0
41,5287,4,3,17,No,0
46,9932,4,4,7,No,0
43,12153,1,4,10,Yes,1
34,10427,2,3,6,No,0
40,5818,3,4,8,No,0
57,11358,3,3,7,Yes,0
33,9189,3,3,2,Yes,0
40,4676,4,3,16,No,0
33,6243,1,3,1,No,0
30,11292,4,1,14,No,0
28,13344,2,3,13,No,0
49,6922,1,2,17,No,0
35,6324,3,2,15,No,0
52,14598,4,2,19,No,0
40,11671,4,3,3,Yes,0
37,4951,2,2,19,No,1
26,3128,2,1,5,No,1
56,12321,4,4,5,No,0
33,10278,2,3,10,No,0
46,6196,3,2,16,No,0
42,14122,2,1,2,Yes,1
57,6174,2,4,12,Yes,0
44,6429,4,1,2,Yes,1
37,5265,4,2,15,Yes,0
35,6869,1,1,14,No,1
52,10807,1,4,10,Yes,1
26,7456,4,2,17,Yes,0
56,12695,2,4,14,No,0
44,3192,2,1,4,No,1
50,5662,1,3,15,Yes,0
32,3605,1,3,15,No,1
39,5508,1,3,16,No,0
33,4661,3,3,8,Yes,1
30,10845,3,4,2,Yes,0
31,6199,1,3,19,No,0
38,6286,2,4,12,No,0
59,11756,1,2,2,No,1
28,6700,3,3,6,Yes,0
34,4413,2,4,5,No,1
30,11908,3,3,8,No,0
48,8020,2,3,11,Yes,0
23,13093,3,3,14,No,0
26,4272,2,4,19,No,0
50,12652,2,1,2,No,0
58,5280,2,3,9,No,0
59,9923,2,3,0,No,0
40,5371,4,2,18,No,0
29,3160,3,1,18,No,0
22,8742,3,4,12,Yes,0
43,13327,4,2,11,No,0
38,13021,2,3,0,Yes,0
28,14646,2,2,18,Yes,0
46,13142,3,2,15,No,0
25,3632,4,3,14,No,1
57,3199,2,1,15,No,0
27,9970,2,1,10,No,0
52,12730,2,2,5,Yes,0
40,8797,1,3,10,No,0
48,10312,4,4,2,No,0
31,7057,2,2,14,No,0
47,4679,1,4,0,No,0
40,13530,4,2,6,No,0
24,11565,2,2,0,No,0
34,10775,3,3,16,No,0
49,3922,1,3,8,Yes,1
41,13367,1,4,12,No,0
49,5680,2,4,10,No,0
29,6816,2,1,19,No,0
22,14667,1,3,5,No,0
24,9196,3,2,0,No,0
34,12083,3,2,6,No,0
49,13910,4,1,11,No,0
46,14899,2,3,19,No,0
54,3114,3,2,18,No,0
59,13663,4,1,16,No,0
27,14257,3,1,3,No,0
53,14268,2,2,2,Yes,0
42,7070,4,2,0,No,0
37,2770,4,4,17,Yes,1
42,14758,4,3,14,No,0
32,4968,3,4,7,No,0
58,12082,2,1,0,No,1
57,14046,4,2,19,No,0
56,14827,1,4,13,No,0
40,6107,2,1,3,Yes,1
41,13275,1,3,4,No,1
39,14765,1,2,12,No,0
35,5575,4,4,14,No,0
36,14598,4,3,5,No,0
52,2789,3,4,0,No,1
22,10620,3,1,18,No,0
24,13172,3,3,12,No,0
37,9114,2,4,5,No,0
44,5752,3,3,14,Yes,1
32,9915,1,1,15,No,1
33,9271,3,3,15,No,0
31,2778,4,4,9,Yes,1
53,13616,3,1,8,Yes,1
37,3080,2,2,8,No,1
29,7458,2,4,16,No,0
59,10945,1,4,16,Yes,1
33,6776,2,1,16,No,0
45,10497,3,1,11,No,0
49,7276,4,2,12,Yes,0
29,3324,2,4,11,Yes,1
49,6332,1,1,13,No,1
57,11391,3,2,9,Yes,0
47,7945,1,2,18,No,0
29,3880,2,1,1,No,1
49,14588,2,4,3,No,0
49,12365,1,3,18,Yes,1
58,13419,3,3,6,Yes,1
57,9034,2,2,14,Yes,0
48,5656,4,3,14,Yes,0
38,14080,2,3,5,No,0
30,6807,3,1,2,Yes,0
54,8134,2,2,5,No,0
41,11075,1,4,15,No,0
34,8310,2,2,1,Yes,1
49,11033,2,1,6,Yes,1
50,8434,3,3,10,Yes,0
34,12679,1,4,6,Yes,1
56,14751,3,2,3,No,0
27,5609,2,3,19,No,0
39,6582,4,2,6,No,0
26,13490,2,4,3,No,0
46,5740,3,2,11,No,0
23,12680,4,2,4,No,0
31,8528,3,2,18,No,0
51,14106,3,3,4,Yes,1
26,4349,1,4,18,Yes,1
54,10997,4,4,2,No,0
22,14305,2,3,10,No,0
39,5249,3,3,6,No,0
53,9180,2,3,16,No,0
32,11827,1,1,8,No,0
42,2705,1,2,8,No,1
47,9852,4,2,9,No,0
46,7091,1,4,12,No,0
43,5950,1,2,14,No,0
48,9714,2,1,4,No,1
34,6311,1,3,2,No,0
54,14314,1,4,7,No,0
55,14291,3,4,19,No,0
56,13243,1,2,9,No,0
22,7641,3,4,12,No,0
42,11001,1,3,2,No,0
27,5208,1,4,7,Yes,1
49,4491,4,3,8,No,1
38,10963,4,1,11,Yes,1
26,14334,3,1,10,No,0
52,14778,1,3,1,No,0
26,12514,2,2,17,No,0
59,5773,4,4,8,Yes,0
24,7038,2,2,1,No,0
44,11212,4,4,1,No,0
58,11668,4,1,2,No,0
58,6222,1,1,15,Yes,1
31,6051,4,1,18,No,0
31,14797,2,4,3,No,0
40,13465,4,1,17,Yes,1
38,13244,3,1,19,No,0
42,5332,1,1,17,No,1
35,14599,1,1,9,No,1
30,8179,3,2,10,No,0
22,9079,3,1,16,No,0
34,2652,3,1,19,No,0
25,8254,4,2,15,No,0
22,13656,1,2,19,Yes,1
53,13608,3,4,12,Yes,1
55,5300,4,3,1,No,0
49,7810,3,1,1,No,0
52,12444,2,1,13,No,0
29,5110,2,1,3,No,0
47,14567,1,4,16,No,0
55,3604,4,1,12,No,0
24,13228,2,3,3,Yes,1
33,9861,2,2,2,No,0
22,6699,4,4,11,No,0
26,6354,3,2,7,No,0
51,9763,4,1,1,Yes,1
51,14186,3,1,5,No,0
38,4414,2,1,9,Yes,1
44,9865,2,3,11,Yes,0
36,5572,2,3,9,Yes,0
58,11698,1,4,9,No,1
42,2906,1,2,2,No,1
35,2666,1,1,19,No,1
23,3008,4,1,9,No,0
32,4161,2,1,8,No,1
59,6164,2,1,19,No,0
55,5989,4,3,18,No,0
59,3180,1,2,13,Yes,1
55,5024,4,2,1,No,0
39,4620,1,4,4,No,1
51,7760,2,3,19,No,0
36,6857,3,1,7,No,0
48,3863,1,2,6,No,1
55,12023,2,2,5,Yes,0
59,4792,2,3,10,No,1
54,4038,3,4,11,No,0
45,5908,2,4,17,No,0
36,10242,2,1,18,No,0
51,11252,1,4,9,No,0
38,11791,1,2,13,No,0
26,4403,3,4,2,No,1
50,2674,3,1,17,Yes,1
25,12848,2,2,14,No,0
31,4730,1,4,5,No,1
38,6787,3,4,9,Yes,1
31,6660,3,3,11,No,0
38,14612,4,1,6,No,1
41,9606,3,4,16,No,0
45,12189,2,3,0,Yes,0
26,14546,1,2,17,No,0
55,5671,3,3,14,No,0
27,4067,4,3,18,No,0
23,3651,1,4,0,No,1
34,10119,3,4,4,Yes,0
32,8533,4,4,14,No,0
44,11060,3,3,2,Yes,0
37,7446,1,2,0,Yes,1
52,10734,1,1,7,No,0
32,4407,1,3,11,No,1
37,5990,2,4,18,No,0
29,5035,3,1,11,Yes,1
25,6673,2,2,12,No,0
25,13565,1,1,0,No,1
46,12516,4,4,18,No,0
24,3793,3,3,5,No,0
53,7269,2,3,7,No,0
24,7296,3,4,3,No,0
48,9371,4,3,4,Yes,0
50,14078,2,4,6,No,0
53,5472,1,3,3,No,0
40,6422,2,3,19,No,0
42,7497,3,3,3,No,0
26,9532,3,2,14,No,0
39,3492,3,2,4,Yes,1
49,10612,3,4,8,Yes,0
43,7787,1,2,1,No,0
42,13078,2,4,6,Yes,0
27,4740,1,1,16,No,1
22,3976,1,1,15,No,1
26,8926,1,2,16,No,0
33,14099,3,1,19,No,0
47,2889,3,1,1,No,1
55,3499,3,3,10,No,1
35,4355,2,3,1,Yes,0
47,10625,4,4,0,No,0
48,11350,3,1,1,No,0
30,5263,2,4,8,No,0
47,6163,3,4,1,Yes,0
43,7486,3,1,14,No,0
51,3981,1,2,9,No,1
38,9756,1,1,14,No,0
47,6231,1,3,9,No,0
57,9762,2,1,16,No,0
22,2951,4,2,8,No,0
29,13167,4,4,17,Yes,0
56,13914,2,4,3,No,0
36,12229,3,3,8,No,0
43,5593,2,3,15,No,0
35,3382,3,3,3,No,1
47,6908,2,4,15,Yes,0
49,6568,2,3,18,Yes,1
44,13258,2,1,0,No,0
35,5777,4,4,5,No,0
45,11066,1,2,9,No,0
23,14389,2,4,15,No,0
47,10451,4,1,3,No,0
35,13754,1,1,12,No,1
28,7190,1,3,15,No,0
24,13942,2,4,19,No,0
44,7095,3,4,5,No,0
39,7059,3,4,10,No,0
59,9791,3,2,2,No,0
56,10660,2,3,19,No,0
36,2612,3,1,9,No,1
46,7631,4,1,0,No,0
58,5697,4,3,19,No,0
49,13070,4,1,10,Yes,1
31,12616,4,1,11,No,0
38,2639,1,3,13,No,1
43,3924,4,1,7,No,1
47,5449,3,4,10,Yes,0
46,5668,2,2,3,Yes,1
38,11208,3,3,6,Yes,1
34,13308,4,2,9,No,0
41,8543,1,1,18,Yes,1
46,9489,4,1,3,No,1
25,9736,2,4,1,Yes,0
31,8761,3,3,17,Yes,0
24,3387,2,1,13,Yes,1
39,5604,2,3,15,Yes,1
57,2549,2,3,10,No,0
43,6451,3,3,9,No,0
55,6060,4,3,16,No,0
29,2518,2,3,13,Yes,1
40,7321,3,2,3,Yes,1
58,8840,1,4,18,No,0
27,10558,3,3,1,No,0
47,12165,1,2,6,Yes,1
55,14753,3,1,8,No,0
27,5106,4,3,18,No,0
58,10346,2,1,15,Yes,1
54,11143,4,3,15,No,0
43,8932,3,2,17,Yes,0
42,6265,2,2,10,No,0
27,4938,1,2,6,Yes,1
27,12241,3,4,8,No,0
25,8858,2,1,3,Yes,1
51,14166,1,4,12,No,0
32,10819,1,3,3,Yes,0
51,8441,4,1,18,No,0
52,10144,3,2,1,No,0
45,7355,1,1,8,No,1
30,9047,2,2,11,No,0
24,9696,1,4,1,No,0
52,8411,1,4,5,No,0
58,8981,4,2,4,Yes,1
57,5261,4,2,4,No,0
45,6956,2,3,19,Yes,0
52,12107,4,4,4,No,0
27,8861,1,4,3,Yes,1
23,8193,1,3,8,No,1
41,8288,4,4,9,No,0
49,2701,1,2,15,No,1
32,8660,1,1,9,No,1
25,13061,2,1,9,Yes,1
36,3017,4,4,18,No,0
27,10237,1,3,9,Yes,1
51,12033,4,2,5,No,0
59,4488,2,1,16,No,1
23,14237,4,2,4,No,0
36,6302,1,4,5,Yes,1
32,8308,4,4,14,Yes,0
29,13967,1,1,18,Yes,1
47,14346,1,4,17,Yes,1
26,9662,1,3,3,Yes,1
27,13126,2,4,7,No,0
47,8741,4,4,15,Yes,0
25,10899,2,4,18,No,0
40,8133,4,2,19,No,0
41,8255,2,2,2,No,0
54,13325,3,1,9,No,0
41,8809,1,1,1,No,1
33,6617,1,1,3,No,0
22,10845,2,4,5,Yes,0
47,14058,3,2,10,No,0
35,4018,1,3,13,No,1
59,8663,4,4,15,No,0
58,5100,2,4,18,No,0
32,4695,1,4,1,No,1
57,6054,1,3,16,No,0
34,13106,2,1,8,Yes,0
24,5349,2,3,16,No,0
54,4242,4,1,14,No,1
27,3806,4,3,6,Yes,1
31,6349,1,2,18,Yes,1
26,14860,1,4,2,Yes,1
44,10019,2,4,0,No,0
31,6695,1,4,3,Yes,1
23,7678,1,1,17,No,0
34,5055,2,3,7,No,0
23,4805,1,2,18,No,1
41,10119,1,3,5,No,1
22,11780,3,4,0,No,0
58,5142,4,2,7,No,0
30,11869,2,2,0,Yes,0
38,8909,3,4,18,No,0
30,7257,4,3,10,No,0
32,5494,4,4,14,No,0
36,11251,4,3,10,No,0
45,13656,3,2,18,Yes,0
59,3771,3,2,9,No,0
56,4313,4,4,11,Yes,1
51,13607,1,2,0,No,1
52,11301,1,1,6,No,0
26,4961,3,2,16,No,0
35,6620,3,1,9,Yes,1
32,8624,3,2,5,No,0
30,10975,4,4,16,No,0
55,13620,1,4,17,Yes,1
33,6896,3,1,4,No,0
56,11783,3,4,17,No,0
56,3316,2,2,16,No,0
22,9804,4,2,15,No,0
43,9831,2,4,7,No,0
50,2582,1,2,12,No,1
29,4420,2,3,15,No,0
32,10317,2,3,10,No,0
58,14183,2,2,5,No,0
35,13836,4,4,2,Yes,1
51,4593,1,1,0,Yes,1
56,9571,2,4,17,Yes,0
42,10467,4,1,4,No,0
58,10867,1,4,12,No,0
26,7785,3,2,9,No,0
40,13396,2,3,4,Yes,0
35,7437,1,4,13,No,0
47,2869,2,1,16,No,1
25,4318,3,3,0,No,1
46,4601,1,1,1,No,1
46,5990,4,2,6,No,0
39,4279,1,3,9,Yes,1
29,10174,4,1,19,Yes,1
35,3864,1,4,6,Yes,1
53,9794,4,2,15,No,0
59,14034,3,2,4,No,0
54,6176,3,2,11,No,0
44,4926,3,4,16,No,1
36,10764,1,4,15,No,1
54,10589,3,3,19,Yes,0
46,5462,2,4,15,Yes,0
38,3359,3,3,18,No,0
54,14548,4,2,14,No,0
23,6638,4,3,11,No,0
35,4924,4,1,9,No,1
27,11756,1,2,1,Yes,1
27,12909,2,2,6,No,0
24,6517,3,3,12,No,0
28,12951,2,2,2,Yes,1
29,14443,2,4,14,No,0
36,12778,4,1,0,No,0
50,11060,4,3,2,Yes,1
54,13496,4,3,9,Yes,1
51,10842,1,2,14,No,0
48,3634,2,4,5,No,1
57,7666,2,2,19,No,0
50,7619,1,2,14,No,0
59,8194,1,3,6,No,1
54,13476,1,2,4,Yes,1
58,8636,2,1,3,No,0
48,7985,2,2,17,No,0
54,6664,4,2,2,No,0
25,4846,4,3,16,No,0
43,7539,2,2,17,No,0
23,7397,4,4,17,Yes,0
31,12942,1,3,1,No,0
26,10752,3,2,12,No,0
31,7541,4,1,14,Yes,0
54,13702,2,1,4,No,0
59,6401,4,3,2,Yes,1
34,3837,4,3,4,No,0
52,3684,4,2,4,No,1
57,6926,3,4,4,Yes,0
45,4051,1,2,2,No,1
36,4129,2,1,2,No,0
50,12019,3,4,19,No,0
29,4026,2,4,17,Yes,1
26,12365,2,4,19,Yes,0
50,3861,2,2,3,No,0
25,12265,3,1,0,Yes,0
33,13378,1,3,15,No,0
23,6870,2,2,7,No,0
48,7783,1,3,16,No,0
52,10110,1,4,7,No,0
57,13058,4,4,6,No,0
57,14449,3,2,7,No,0
47,13126,3,1,11,No,0
48,4493,4,4,15,No,0
26,3369,4,3,11,No,0
41,3514,1,3,18,Yes,1
32,12603,2,2,9,Yes,1
31,3102,3,3,6,No,1
59,14513,2,1,11,No,0
27,3190,2,4,19,No,1
29,11185,4,3,4,No,0
44,2989,2,3,15,Yes,1
47,9364,1,4,8,No,0
33,9740,4,2,6,No,0
47,13248,2,3,19,No,0
34,10286,4,2,13,No,0
39,10524,1,2,10,Yes,1
46,2794,1,3,6,No,1
54,7988,2,1,9,No,0
33,6527,4,2,8,Yes,1
57,13535,2,3,3,No,0
25,5412,2,2,15,No,0
26,12409,4,4,9,No,0
58,13288,2,1,18,No,0
29,7244,1,1,16,Yes,1
49,4373,4,4,8,No,0
52,5758,4,4,12,Yes,0
30,5317,4,2,0,No,0
50,11136,4,4,1,Yes,1
35,6141,2,1,12,No,0
43,6958,2,4,8,No,0
32,7807,1,3,6,No,0
44,11433,3,3,15,Yes,1
22,4541,3,2,18,No,0
58,3179,1,1,6,No,1
42,13159,3,3,5,Yes,0
47,14389,1,4,17,No,0
57,8238,2,3,18,No,0
44,8168,4,3,10,No,0
22,12050,4,2,11,No,0
36,10197,2,4,9,Yes,0
42,10533,4,4,12,No,0
30,2562,4,4,11,No,0
30,10329,3,2,9,Yes,0
31,13251,2,4,19,No,0
47,14461,3,4,17,No,0
56,9852,3,3,3,No,0
46,9415,4,3,4,No,0
47,10826,4,4,4,Yes,1
32,6144,2,1,11,Yes,0
59,7470,4,1,2,No,1
23,12827,4,4,7,Yes,1
28,10503,2,1,1,No,0
39,5778,4,2,17,Yes,0
48,9796,3,3,8,No,0
55,11514,2,2,12,No,0
48,5574,4,3,6,No,0
38,13673,1,1,9,Yes,1
45,10812,2,1,8,Yes,1
46,10052,2,4,14,Yes,0
28,4137,1,1,4,Yes,1
27,7603,4,1,11,No,1
45,11616,4,4,0,No,0
54,3144,2,4,11,No,0
50,4532,2,3,5,No,0
43,5261,4,1,18,No,1
47,4568,4,3,18,No,1
49,2741,3,3,15,No,1
42,5168,2,2,18,No,0
28,3302,2,1,2,No,1
38,7559,1,1,9,No,1
41,14856,3,2,17,Yes,0
41,2695,4,3,12,Yes,0
43,4687,3,1,17,No,1
49,14207,4,3,2,Yes,0
28,4830,4,2,2,No,1
22,13051,3,4,11,No,0
53,7341,2,3,19,Yes,0
34,6106,4,1,6,Yes,1
51,10968,3,4,7,No,0
44,2560,1,3,8,No,1
40,14082,3,3,13,Yes,0
53,12605,1,4,4,No,0
51,6427,4,4,18,No,0
50,8796,3,4,15,No,0
50,5091,3,1,11,Yes,1
51,11258,1,1,3,No,0
37,14627,3,3,7,Yes,0
40,12263,3,3,6,No,0
39,8621,4,2,14,No,0
22,3700,3,1,5,No,1
35,5354,2,3,4,No,0
23,13587,1,4,13,No,0
49,9524,3,4,12,No,0
51,11928,1,1,9,Yes,1
59,9472,1,4,17,No,0
25,2636,1,2,3,No,1
22,3529,3,3,7,Yes,1
29,12848,3,3,10,No,0
50,5094,1,3,16,Yes,1
24,9706,2,1,17,Yes,1
53,3161,1,4,10,Yes,1
31,4972,2,2,15,No,0
31,13369,1,1,11,No,1
40,13000,4,3,12,No,0
55,2586,1,2,15,No,0
54,13204,1,3,0,No,1
44,8719,3,3,15,No,0
49,10643,2,1,14,Yes,1
53,9468,4,3,5,No,0
28,13634,2,2,11,Yes,0
50,5273,4,3,7,No,0
29,13196,1,4,6,Yes,1
22,14002,3,3,1,No,0
24,4200,3,1,11,Yes,1
45,14362,2,2,13,Yes,0
44,5200,3,1,15,No,0
29,9315,2,4,10,No,0
58,14321,2,3,19,No,0
24,4147,4,1,8,No,1
54,8538,2,1,9,No,0
49,7664,4,1,16,No,0
29,8020,3,1,11,No,0
55,14010,2,4,5,No,0
56,6187,2,4,18,No,0
53,3096,1,3,10,No,1
45,7045,2,3,8,No,0
35,11176,2,2,5,Yes,0
53,11337,1,4,15,Yes,1
37,13781,1,1,19,No,1
25,7257,3,1,15,No,0
58,6884,2,2,5,Yes,1
42,11412,3,1,4,No,0
35,7233,3,2,3,No,0
52,9581,1,3,1,Yes,1
39,11190,4,4,5,No,0
28,9617,3,2,8,No,0
31,7229,4,1,16,No,0
28,4173,2,2,13,No,0
54,13759,1,3,6,No,0
44,10806,2,1,18,No,0
42,13671,2,3,0,No,0
40,12428,1,3,19,No,0
40,14303,2,2,14,No,0
57,9678,1,3,17,No,0
50,12945,4,1,2,No,0
39,4794,2,3,17,Yes,1
23,6130,1,3,1,Yes,0
22,2646,3,2,9,Yes,1
26,14674,2,3,10,Yes,0
41,5953,4,4,2,No,0
32,7007,1,2,6,No,0
23,8283,2,2,7,No,0
24,10251,2,1,18,No,0
44,13102,2,1,17,No,0
33,8128,4,1,12,No,0
41,10828,1,1,12,No,0
26,5860,3,4,18,No,0
58,5505,3,2,11,No,0
59,6052,3,3,16,No,0
51,2518,1,1,11,Yes,1
30,4742,3,1,12,No,1
55,8818,4,1,11,No,0
56,7597,1,3,18,Yes,1
43,11140,2,1,13,No,0
45,4448,4,3,6,No,0
38,11637,2,2,12,Yes,0
31,8118,3,2,5,No,0
51,6736,4,2,18,No,0
44,9401,1,4,18,No,0
53,4420,4,3,3,No,1
38,13669,2,1,18,No,0
38,6688,1,1,8,No,1
35,14707,4,1,15,No,0
30,2738,4,1,3,No,1
23,2704,4,4,5,Yes,1
46,13299,4,1,7,No,1
30,8052,1,4,15,No,0
43,7427,2,3,4,No,0
25,14080,4,2,9,No,0
47,13664,1,1,12,No,0
50,6890,2,2,13,No,0
55,5187,4,3,6,No,0
44,7451,2,3,19,Yes,0
58,8660,2,1,5,No,1
32,14858,1,3,6,No,0
27,7888,2,2,4,No,0
39,12040,1,1,17,No,1
42,7626,4,4,11,Yes,0
57,3316,2,1,5,No,1
59,11512,2,2,0,No,0
55,2692,3,1,3,Yes,1
38,4276,4,1,18,Yes,1
58,6145,4,2,11,Yes,1
46,8814,3,1,14,No,0
59,10942,3,1,2,No,1
33,4288,1,2,19,No,0
44,9874,1,3,7,No,0
43,6200,2,2,10,No,0
42,13155,2,1,15,Yes,1
48,11859,2,4,8,No,0
52,6393,2,4,2,No,0
27,9311,1,2,4,No,0
48,11788,4,4,19,No,0
55,5179,2,1,13,No,0
33,12539,4,1,14,No,1
28,6404,2,2,5,No,0
31,9760,3,1,3,No,0
38,3004,2,3,7,Yes,1
47,12313,2,1,18,No,0
42,13164,2,2,4,No,0
49,13238,1,3,12,Yes,1
23,12079,3,3,15,Yes,0
22,13686,2,4,0,Yes,1
57,9273,2,1,12,No,0
47,6316,4,2,10,No,0
50,3217,3,4,7,No,0
42,14176,2,4,7,No,0
32,6934,4,1,13,No,0
32,3158,4,1,12,No,0
57,7557,1,2,2,Yes,1
56,6508,4,4,3,No,0
55,7494,2,2,19,No,0
45,6734,1,4,14,Yes,1
43,6264,1,4,14,No,0
26,13681,2,4,12,No,1
54,7137,3,1,8,Yes,1
57,4604,4,4,9,Yes,1
41,11947,1,4,11,Yes,0
40,9301,3,4,13,No,0
56,13174,2,3,0,No,0
38,11075,4,1,13,No,0
55,5107,4,3,13,Yes,0
30,10885,1,1,7,No,1
47,14499,4,2,15,No,0
23,6219,4,3,13,Yes,0
30,5081,4,2,0,No,0
30,5065,4,4,15,No,0
38,5263,2,2,17,No,0
22,13490,3,2,6,Yes,1
46,8828,2,2,14,Yes,1
46,8491,2,2,16,No,0
56,13031,1,1,18,No,0
24,5906,4,3,12,No,0
58,11423,2,1,8,No,1
51,13564,4,1,14,No,0
59,13812,2,1,2,No,0
55,7280,2,2,0,No,0
33,6677,1,1,15,No,1
40,8976,3,3,7,No,0
58,5104,3,1,12,No,0
38,10681,2,4,7,No,0
31,4882,1,2,16,No,1
33,3031,4,4,13,No,0
37,8579,4,3,6,Yes,1
45,3134,2,3,14,No,0
40,12461,3,3,15,No,0
29,14496,1,3,18,No,0
52,13062,3,1,5,No,0
42,2502,4,2,0,No,0
38,10897,3,3,11,No,0
44,8451,4,4,17,No,0
58,14827,1,3,15,Yes,1
37,13313,1,2,11,No,0
27,8126,2,4,19,No,0
29,10239,2,4,12,No,0
46,8503,3,4,7,No,0
39,5390,1,1,0,Yes,1
46,13885,1,3,6,No,0
33,13358,2,1,14,No,0
36,8739,4,4,12,Yes,0
47,10526,3,1,12,No,0
47,5806,3,1,8,No,0
53,3397,2,1,14,Yes,1
31,11777,1,3,3,Yes,1
37,11971,2,4,12,No,0
28,3170,2,4,11,No,0
38,9791,2,3,4,No,0
44,4005,2,1,6,No,0
47,8960,4,1,7,No,0
42,14267,4,2,4,No,0
43,7667,1,2,8,No,0
28,12647,2,2,13,No,0
35,7755,4,3,11,Yes,1
36,2749,1,4,3,No,1
28,8957,2,2,19,No,0
30,4392,3,4,7,Yes,1
29,5939,4,4,16,No,0
44,12545,1,4,7,No,0
50,5354,3,3,0,No,0
39,12195,2,3,19,No,0
52,14077,2,3,1,No,0
51,14263,2,3,3,No,0
56,6292,4,2,0,Yes,1
39,14118,1,1,6,No,1
38,7830,3,1,0,No,0
35,10371,1,1,8,No,0
52,10735,4,2,2,Yes,1
45,6112,1,1,11,No,0
56,5118,4,2,18,No,0
55,7178,2,2,14,No,0
24,5663,3,2,15,No,0
58,11980,2,1,9,No,0
47,5442,1,4,5,No,0
44,10911,2,1,16,Yes,0
36,4425,3,1,16,No,1
25,5472,2,3,18,Yes,0
50,14205,3,2,17,No,0
43,13140,3,4,10,No,0
46,14163,2,3,6,No,0
34,13466,4,4,9,No,0
39,3490,1,4,6,No,1
54,13638,4,2,4,Yes,0
37,4312,4,1,11,No,1
23,11495,2,2,15,No,0
56,2989,1,2,17,No,1
55,14248,1,3,2,No,0
51,8376,4,2,19,No,0
34,12185,2,1,14,No,0
34,6145,1,4,4,Yes,1
39,9581,4,2,12,No,0
53,5391,1,4,18,No,0
53,12397,2,2,11,Yes,1
56,6016,2,4,4,No,0
50,5840,2,2,5,No,0
50,8910,1,3,6,No,0
37,2553,3,4,9,No,0
31,5075,1,2,15,No,0
51,14283,3,2,7,Yes,1
46,3115,2,3,8,Yes,1
41,8444,4,3,3,No,0
26,9904,3,3,7,Yes,0
22,3454,2,4,6,No,0
51,13125,2,4,14,No,0
24,4129,3,3,2,No,0
35,13473,4,1,16,No,0
51,9359,2,1,10,No,0
25,11341,3,2,8,No,0
39,13039,4,1,4,No,0
58,5778,4,2,9,No,0
46,7955,2,4,14,No,0
22,13332,1,4,13,Yes,1
36,6301,1,1,3,No,1
30,5061,2,4,19,No,0
36,13941,4,3,1,No,1
45,9039,2,3,11,No,0
25,2870,3,1,0,No,1
33,3357,1,1,19,No,1
58,7386,3,2,4,Yes,0
58,9985,2,4,5,No,0
27,2883,2,2,10,Yes,1
45,14569,4,2,7,No,0
32,13244,4,3,6,No,0
34,6834,4,3,3,Yes,0
55,6790,3,3,5,Yes,1
46,5225,4,3,15,No,0
28,14726,2,2,19,Yes,1
25,13985,4,3,14,Yes,0
29,8704,1,4,13,No,1
41,8611,4,3,11,No,0
50,6751,3,3,11,No,0
31,14680,1,3,15,No,0
55,3422,1,1,14,Yes,1
47,5415,1,4,12,No,0
24,13642,3,4,10,No,0
27,10457,2,2,16,No,0
26,5546,4,2,14,No,0
26,11666,1,3,13,No,0
44,3730,1,1,9,No,1
30,13127,1,2,11,Yes,0
56,10147,2,2,15,Yes,0
41,12506,2,3,14,No,0
56,13626,3,3,9,Yes,0
39,7433,2,2,3,No,0
38,12055,4,2,8,No,0
45,6440,3,4,19,Yes,1
24,8983,3,1,8,No,1
53,2703,4,4,19,Yes,1
56,2660,4,2,10,No,0
59,11460,4,4,10,No,0
34,6248,3,4,6,No,0
46,9218,3,2,9,No,0
30,5081,3,3,3,Yes,1
25,3593,4,2,4,No,1
35,7000,4,3,4,No,0
58,11299,1,2,10,No,1
55,8210,2,2,8,No,0
32,12232,1,2,15,No,0
24,5375,4,1,8,No,0
49,5691,3,3,3,No,0
50,4337,4,1,1,Yes,1
30,3189,2,2,13,No,0
24,6259,1,4,2,No,0
46,13641,1,1,17,No,0
55,4603,3,3,5,Yes,1
33,2865,1,2,10,No,1
30,14267,1,1,17,Yes,1
36,10592,4,4,11,No,0
46,14891,1,1,4,No,1
26,6672,1,3,8,No,0
32,8533,1,1,19,No,1
55,4878,3,4,17,Yes,1
45,3705,3,4,18,Yes,1
36,7488,4,3,2,No,0
59,14531,1,4,8,Yes,1
29,8169,3,2,3,No,0
26,5235,3,4,16,Yes,0
47,14039,4,2,16,No,0
39,12367,2,1,1,No,0
27,10990,1,2,8,No,0
58,3456,3,2,8,No,0
34,11806,4,1,4,No,0
49,9123,4,4,14,No,0
26,13197,4,2,14,No,0
34,3974,3,4,2,No,1
38,6960,1,1,18,No,1
53,9502,2,3,2,No,0
50,14418,1,4,5,No,0
24,14163,4,4,3,Yes,0
55,8896,4,3,12,No,0
48,5328,2,3,12,No,0
34,5350,1,1,10,Yes,1
54,13198,4,4,4,Yes,0
27,14462,4,4,0,No,0
45,5464,1,1,8,No,0
40,7094,4,4,16,No,0
37,11641,1,2,0,No,0
49,9144,4,2,2,No,0
54,5350,1,2,14,No,0
34,2665,2,4,9,Yes,1
46,14178,4,2,7,No,0
57,13201,2,2,11,Yes,0
48,3419,4,1,14,Yes,1
59,10805,4,1,8,Yes,1
28,6004,3,3,9,No,0
26,3491,1,3,19,Yes,1
52,8547,2,3,8,Yes,1
44,6339,2,3,14,No,0
31,3758,2,1,0,Yes,1
53,10109,1,1,1,No,1
51,14118,3,1,18,No,0
52,11206,2,2,13,No,0
39,7304,1,2,7,Yes,1
57,13888,4,3,5,Yes,1
23,13276,2,2,11,No,0
35,2567,2,4,14,Yes,1
34,12288,3,1,13,No,0
50,8160,2,3,0,Yes,0
33,6978,2,3,10,No,0
23,10710,4,4,2,No,0
53,13422,1,2,18,No,0
34,6021,1,3,17,No,0
48,3072,3,2,19,No,1
38,9582,4,2,1,No,0
52,10332,1,4,6,No,0
55,7895,4,3,7,No,0
45,4758,1,2,18,Yes,1
56,13594,4,2,14,Yes,1
27,8539,3,4,9,No,0
40,3150,2,4,0,Yes,1
51,8241,3,2,5,No,0
28,9338,1,4,12,Yes,1
31,5087,3,2,13,No,0
53,10376,2,3,2,Yes,0
55,5762,3,1,10,No,0
49,3838,1,4,2,Yes,1
36,7496,1,1,18,Yes,1
51,14326,3,2,9,Yes,1
58,8280,2,2,14,No,0
50,5327,3,2,10,Yes,0
43,7732,2,1,14,No,0
25,4717,4,2,12,Yes,1
41,6039,2,4,4,Yes,1
53,10345,4,3,3,No,0
57,11729,3,3,12,No,0
25,6883,2,4,8,No,0
48,14670,4,3,16,No,0
38,5461,4,1,1,No,0
33,5726,4,2,4,No,0
43,9337,1,2,15,No,0
38,9531,3,2,6,No,0
31,11790,4,1,0,No,0
22,13016,2,1,11,No,0
43,11631,4,1,10,No,1
47,6216,1,4,11,Yes,1
39,5914,3,1,18,Yes,1
35,3948,1,3,11,No,1
50,3070,1,4,11,No,1
33,5404,1,4,13,No,0
57,5005,2,4,1,Yes,0
56,3417,3,1,1,No,1
33,12566,3,4,3,Yes,1
28,9482,2,1,19,No,0
50,9927,3,1,15,Yes,1
32,8836,1,4,9,No,0
54,4178,3,2,12,No,0
27,3115,2,2,1,Yes,1
36,12441,1,4,2,No,1
53,14517,2,2,18,No,0
32,9586,4,3,5,Yes,0
44,14880,1,3,18,No,0
47,13169,1,1,19,No,0
55,7249,3,2,18,No,0
55,6005,1,3,7,Yes,1
50,14167,2,4,13,No,0
25,7029,3,2,9,No,0
38,3635,4,3,2,No,0
56,14692,2,3,5,No,0
34,11066,4,4,14,No,0
36,9726,4,1,17,Yes,1
50,7662,4,4,13,Yes,0
50,2706,1,1,18,No,1
32,7375,2,3,9,No,0
53,3819,2,1,14,Yes,1
23,3641,1,3,3,Yes,1
35,7127,3,3,1,No,0
41,9889,4,2,2,No,0
43,5190,2,1,6,Yes,1
32,9823,1,1,15,Yes,1
48,5755,4,1,9,No,0
24,10781,3,4,18,No,0
38,7713,3,2,16,No,0
49,6608,4,2,18,No,0
50,5520,3,2,4,No,0
42,4357,2,4,19,No,1
37,11496,2,1,12,No,0
58,11636,2,1,12,Yes,1
41,5289,3,1,10,No,1
27,6375,2,2,10,No,0
40,10105,1,2,15,No,0
26,12302,2,3,14,No,0
24,10635,2,4,16,No,0
22,13615,3,4,17,No,0
59,8555,2,2,18,Yes,0
36,6382,4,3,3,No,0
55,13913,1,1,4,No,0
56,9675,3,2,6,No,0
46,9629,1,4,1,No,1
45,7521,4,4,0,No,0
33,7235,3,4,11,No,0
39,4887,3,1,9,Yes,1
36,9082,2,4,7,Yes,1
37,11633,1,1,0,No,1
48,8366,4,1,11,No,0
29,5066,4,1,1,No,0
46,3475,3,2,9,No,1
38,9712,2,1,16,Yes,1
50,11646,3,3,2,No,0
29,3762,3,4,6,Yes,1
36,7547,3,2,11,No,0
48,11635,3,4,7,No,0
28,12894,4,1,19,No,0
24,9882,4,2,11,Yes,1
50,8731,3,3,2,Yes,0
45,5827,3,1,16,No,0
24,8130,2,4,8,No,0
41,14966,3,3,9,No,0
36,4759,4,1,5,Yes,1
46,12520,1,3,0,No,0
51,3757,4,1,11,No,1
35,2964,2,2,4,No,0
28,5794,4,1,12,No,0
38,9274,1,2,14,Yes,1
41,9931,3,1,10,No,0
57,3730,1,1,7,No,1
30,13346,3,4,4,No,0
59,11576,3,3,1,No,0
43,6305,4,3,11,No,0
23,8919,4,3,1,Yes,1
45,8250,4,1,15,No,0
29,6356,2,1,2,No,0
32,5635,4,1,9,No,0
34,9453,2,2,18,Yes,0
38,11616,4,2,7,No,0
29,8534,3,4,6,Yes,0
42,7089,2,1,0,Yes,0
39,4046,1,3,11,No,0
51,8565,2,3,4,No,0
39,3594,2,4,15,No,0
52,4911,1,3,3,No,1
59,5117,2,4,16,No,0
53,11454,3,1,1,No,0
32,13015,4,3,11,No,0
46,6645,1,1,0,Yes,1
54,5275,4,2,11,No,0
59,9128,3,3,11,No,0
29,5655,1,2,11,No,0
32,6470,4,3,18,No,0
43,10472,4,1,16,Yes,1
45,12732,3,4,19,No,0
38,11275,4,1,10,Yes,1
33,7915,3,1,12,No,0
53,6831,2,1,7,Yes,1
36,12795,3,3,9,No,0
37,4442,2,4,7,No,0
43,8526,1,2,19,No,1
49,10801,4,1,7,No,0
41,2691,3,3,8,No,0
54,11595,3,2,6,No,0
31,3361,4,1,13,No,1
53,9211,4,2,1,No,0
54,11775,1,1,10,No,1
23,3149,1,2,7,Yes,1
54,6634,3,2,12,No,0
54,14303,1,4,14,Yes,1
34,10087,2,4,2,No,0
51,11328,1,1,13,No,1
54,3536,1,3,14,No,1
34,6631,3,4,1,No,0
47,4648,2,2,18,No,0
43,14557,1,4,11,Yes,1
23,13849,2,4,19,No,0
59,14279,2,1,3,Yes,1
47,13986,2,4,2,No,1
36,7957,4,4,4,Yes,1
55,8579,4,2,2,No,0
32,14953,4,4,14,No,0
24,4930,4,2,18,Yes,1
27,4379,3,4,1,No,1
30,14658,1,4,11,No,0
27,14405,4,3,4,No,0
30,14818,3,4,16,No,0
52,10042,1,2,13,Yes,1
53,14798,4,2,9,Yes,0
33,4511,1,1,2,No,1
29,5873,4,1,3,No,0
29,12835,3,3,5,No,0
49,9857,2,2,15,Yes,1
41,13192,2,2,6,Yes,0
28,3789,1,2,14,No,1
32,3947,3,3,19,Yes,1
41,5699,2,2,10,No,0
37,8881,4,1,0,Yes,0
25,12635,2,3,4,Yes,1
27,10022,1,1,12,No,1
43,8559,1,1,13,No,1
47,5683,3,3,8,No,0
24,7962,1,4,16,Yes,1
35,5716,2,4,14,No,0
32,5636,2,1,6,No,0
39,5818,2,4,11,No,0
33,5282,2,2,5,No,0
44,11682,3,3,15,No,0
33,10157,4,1,4,No,0
34,7420,4,2,8,No,0
46,12845,3,4,13,No,0
40,8824,1,2,7,Yes,0
57,8827,4,4,13,No,0
29,10917,1,1,11,No,0
50,3276,4,2,9,No,1
53,13529,1,3,19,No,1
39,7708,3,1,19,No,0
27,3187,2,2,12,No,0
39,3029,1,2,18,Yes,1
40,14134,2,4,14,No,0
43,7567,1,1,7,No,1
58,10580,1,1,9,No,0
53,8018,1,1,2,No,1
24,4653,1,1,2,Yes,1
49,11986,1,4,4,No,0
31,8594,2,3,15,Yes,1
56,9474,1,1,16,No,0
50,12218,2,4,5,No,0
36,7274,3,3,19,No,0
54,10192,4,3,19,No,0
28,13588,1,4,15,No,0
33,5603,4,1,1,No,0
51,4940,2,3,19,No,0
42,6635,3,1,14,No,0
52,14494,3,1,17,Yes,1
45,9624,3,2,0,No,0
41,7701,4,1,18,No,0
58,3344,2,2,11,Yes,1
25,2946,1,3,7,No,1
49,6415,1,4,5,No,0
41,5609,2,2,11,No,0
45,3734,4,4,6,No,1
53,9087,1,3,17,No,0
57,2726,2,1,13,No,1
55,6643,1,3,7,Yes,1
57,9685,3,4,19,No,0
23,13651,1,3,13,No,0
36,8058,4,1,4,No,0
55,12522,2,3,8,Yes,0
57,14471,4,1,7,Yes,1
27,2686,2,2,1,Yes,1
33,13569,3,4,15,No,0
24,5035,2,1,12,No,0
39,4432,1,1,6,Yes,1
42,13616,1,3,15,No,0
36,11540,3,2,6,No,0
54,4532,2,1,13,No,1
56,3752,3,2,13,No,0
47,8009,1,2,11,Yes,1
29,7574,4,3,0,No,0
57,4381,3,1,0,Yes,1
51,2769,4,3,11,No,1
44,4130,4,4,19,No,1
35,6905,2,4,14,No,0
35,13895,3,1,3,No,0
23,8639,4,2,6,No,0
58,4074,4,1,15,No,1
26,13584,2,1,2,No,0
59,4195,2,4,6,Yes,1
35,5758,1,4,5,No,0
46,5762,4,2,15,No,0
41,3945,1,2,7,No,1
23,8763,4,1,5,No,1
27,10911,1,3,9,No,0
38,2552,2,1,15,No,1
46,12449,3,2,10,No,0
49,8070,2,3,12,No,0
23,10079,1,4,5,Yes,1
56,4166,1,2,0,No,1
58,9401,3,2,18,No,0
26,5285,4,3,11,No,0
22,3219,1,2,5,No,1
33,11097,1,2,17,No,0
57,9355,1,2,12,No,0
44,4794,3,2,6,No,0
52,10763,2,2,12,Yes,0
32,12745,1,2,7,No,0
31,11921,3,2,16,No,0
24,12259,1,2,8,Yes,1
35,14374,4,4,19,No,0
37,13645,3,2,12,No,0
31,6982,1,4,1,No,0
50,3198,3,4,3,Yes,1
31,9743,1,1,1,Yes,1
33,11518,2,1,3,No,1
51,8418,1,4,17,Yes,0
22,2848,3,4,4,No,0
26,7874,4,2,18,Yes,0
41,14600,4,1,9,No,0
29,10369,4,3,17,Yes,0
33,2807,1,1,9,Yes,1
22,5916,2,4,4,No,0
41,13026,1,4,16,Yes,0
49,7320,4,2,12,No,0
58,13501,3,2,16,No,0
58,6058,4,1,8,No,1
33,6978,3,2,11,No,0
58,14169,2,3,13,Yes,0
49,9031,3,3,13,Yes,0
36,7120,1,2,7,No,0
27,13378,1,3,4,No,1
41,5485,1,3,18,No,0
35,10612,3,1,13,No,0
23,10967,1,3,8,No,0
30,5047,1,4,6,Yes,1
58,13456,1,4,7,No,0
41,2836,2,1,13,No,1
47,12665,3,2,13,No,0
50,5479,3,1,10,No,0
22,6468,4,2,13,No,0
56,3410,3,2,7,Yes,1
27,4496,2,2,2,No,0
58,5629,3,2,17,No,0
26,7947,2,2,2,No,0
54,8629,2,1,12,Yes,1
35,8350,3,2,11,Yes,1
33,6704,4,3,14,No,0
41,9946,1,3,17,No,0
45,14449,1,2,4,No,0
55,11019,3,3,6,No,0
46,12491,3,4,10,No,0
50,2814,2,1,10,No,0
52,14237,3,1,14,No,0
44,3634,2,2,9,No,0
59,13438,4,2,14,Yes,0
41,7376,3,4,12,Yes,0
44,10602,1,2,13,No,0
37,12212,1,3,16,No,0
29,10847,3,4,12,Yes,1
42,8092,2,3,9,Yes,1
22,4224,1,1,0,No,1
29,5843,2,3,0,Yes,0
50,3386,3,1,14,No,1
53,13765,3,3,15,No,0
59,13497,1,1,11,Yes,1
26,3221,3,2,5,No,0
43,10178,4,3,5,Yes,0
55,11604,4,1,11,No,0
22,5857,1,3,14,Yes,0
47,3370,4,4,3,Yes,1
31,14800,2,2,3,Yes,0
51,9251,1,1,1,Yes,1
39,2997,1,4,11,Yes,1
38,4256,2,3,6,No,1
47,3617,4,4,19,No,0
29,14101,4,3,8,No,0
33,5328,4,2,8,No,0
48,4147,1,4,7,No,0
29,9492,1,2,13,No,0
46,13675,4,1,0,No,0
25,9271,3,3,11,No,0
54,2642,4,3,1,No,0
22,5261,2,2,12,No,0
40,5935,1,2,3,No,0
52,9122,2,1,19,No,0
37,13123,2,4,17,No,0
35,9569,1,3,18,No,0
26,7012,3,3,15,No,0
47,4348,4,1,13,No,1
49,5196,2,1,7,No,0
23,4217,1,2,11,No,1
27,5572,2,2,8,Yes,1
30,11759,4,4,5,Yes,0
54,5286,3,1,17,No,1
46,6291,3,4,1,No,0
34,11980,3,1,7,Yes,1
30,6371,1,3,13,No,0
34,4306,1,1,5,No,1
52,4004,3,1,9,No,1
32,5808,4,3,7,Yes,0
25,9617,4,1,16,Yes,1
55,7548,1,4,11,No,0
59,13643,3,2,16,No,0
25,10763,4,2,12,No,0
59,4190,4,4,18,No,1
40,12036,4,3,11,No,0
27,5803,1,1,15,Yes,0
55,5613,3,4,4,No,0
39,11574,2,2,15,No,0
34,14926,3,2,5,No,0
44,13354,3,4,10,No,0
40,10350,1,2,16,No,0
32,8916,4,4,13,No,0
22,4004,4,2,5,No,0
45,13155,1,4,10,No,1
28,13245,1,1,11,No,1
46,11424,1,1,12,Yes,1
42,12440,1,1,3,No,0
36,6424,1,1,6,Yes,1
22,11115,2,2,1,Yes,1
33,14170,3,3,5,No,0
28,12283,3,4,5,Yes,0
36,6985,3,3,17,Yes,1
42,10600,4,2,19,No,0
40,11184,2,2,7,No,0
50,2691,3,3,7,No,0
46,11190,4,3,7,Yes,1
54,7417,2,2,7,Yes,1
53,8331,2,2,0,Yes,0
56,11948,4,4,1,No,0
59,12660,2,1,11,Yes,0
47,6822,4,1,14,No,0
32,12878,3,4,3,No,0
56,9499,4,3,2,Yes,1
29,11508,2,2,13,No,0
35,13912,3,3,7,No,1
31,9782,3,1,12,No,0
23,12165,1,1,18,Yes,1
30,11778,1,3,4,No,0
24,14891,2,1,12,No,0
42,4374,4,2,19,No,0
47,11562,4,4,0,Yes,1
29,7263,2,3,15,No,0
23,12734,3,2,1,No,0
27,10964,2,2,6,No,0
49,11721,2,1,5,No,0
50,13910,3,2,4,Yes,1
47,14761,4,3,3,Yes,1
46,3551,2,2,1,No,0
33,14725,4,4,9,Yes,1
26,12265,2,2,4,No,0
55,13882,3,2,17,Yes,0
58,10038,3,4,9,No,0
36,9911,1,2,14,No,0
57,14489,3,2,8,No,0
36,13981,1,1,10,No,1
44,8820,2,3,16,No,0
27,14439,4,1,8,No,1
42,4605,3,3,15,Yes,1
44,2807,3,4,5,No,1
37,10237,3,4,10,No,0
36,5859,2,4,16,Yes,0
46,5676,1,3,3,No,0
57,3751,2,3,14,Yes,1
32,7866,4,3,0,No,0
36,13439,2,4,19,Yes,0
25,4017,4,3,0,No,1
42,8726,3,2,8,Yes,1
34,7805,4,1,11,No,0
43,12070,4,4,3,No,0
40,8369,1,1,12,No,1
55,10539,4,2,6,No,0
35,7391,4,3,7,No,0
25,7492,2,1,12,Yes,1
48,4461,3,2,10,No,0
50,14997,2,2,8,Yes,1
49,5363,2,1,15,Yes,1
56,13348,3,4,9,No,0
29,13186,3,1,10,Yes,0
37,9103,4,4,11,No,0
57,7067,4,3,13,No,0
51,9013,1,4,18,No,0
39,6505,2,3,11,No,0
23,14255,3,1,17,No,0
34,11614,4,3,16,No,0
25,14924,3,2,2,No,0
47,13651,4,3,0,Yes,1
46,2683,1,4,18,No,0
51,10255,1,4,3,No,1
32,5858,3,4,15,No,0
28,9115,1,3,11,No,0
52,12090,3,4,12,No,0
31,9297,4,4,16,Yes,1
34,13488,2,2,7,Yes,1
52,11228,1,3,12,Yes,1
28,10178,4,2,19,Yes,0
57,8198,2,4,4,Yes,1
41,3773,2,4,17,No,0
25,13659,2,4,14,No,0
28,9153,4,3,11,No,0
22,13741,4,1,16,Yes,1
34,3596,3,4,14,No,0
43,11997,2,4,1,No,0
42,11607,2,4,5,No,0
43,13773,2,4,16,No,0
49,10502,3,3,15,No,0
30,6747,2,1,16,No,0
47,11720,4,1,19,No,0
30,7814,2,1,8,Yes,1
36,12669,1,4,4,No,0
31,5854,4,4,0,Yes,1
45,13203,3,1,5,No,0
29,2770,2,1,13,No,1
45,3686,1,4,16,Yes,1
37,14892,3,4,18,Yes,1
47,14456,3,2,0,Yes,1
48,8805,4,2,0,Yes,0
58,4898,3,2,12,Yes,1
25,9495,3,1,13,Yes,1
45,14927,3,3,5,Yes,0
40,9799,3,4,5,Yes,0
57,6682,2,2,0,No,0
31,12403,2,3,13,No,0
46,4730,2,4,2,Yes,1
39,9011,2,3,9,No,0
40,2628,1,1,18,No,1
57,11961,2,1,18,No,0
31,6172,3,1,18,Yes,1
54,12293,2,2,3,No,0
26,7265,2,4,19,No,0
56,6470,4,1,18,No,0
55,10045,3,2,9,No,0
54,14936,2,2,1,No,0
42,8052,2,2,3,No,0
38,3127,2,2,5,No,0
43,14489,1,1,6,No,1
58,9089,2,2,15,No,0
36,4544,4,1,6,No,0
56,14244,3,1,17,Yes,1
49,4841,3,2,19,No,0
28,8384,2,1,18,Yes,0
53,13906,2,4,8,No,0
32,10685,2,4,19,No,0
31,2749,3,3,9,Yes,1
30,5425,3,4,12,No,0
35,7543,1,1,17,Yes,1
34,3474,4,1,15,No,1
46,12017,1,4,16,Yes,1
23,9692,4,2,12,No,0
56,11675,1,2,11,No,0
28,11580,3,1,9,No,0
42,13629,1,2,0,No,0
39,12809,4,3,7,Yes,1
24,5172,2,3,17,No,0
32,9779,4,4,1,Yes,1
45,10031,2,4,15,Yes,0
40,12018,3,2,11,Yes,1
25,11162,4,1,8,No,0
47,4487,1,4,2,No,1
59,2590,4,3,3,Yes,1
53,11221,2,4,1,Yes,0
57,6559,3,4,7,Yes,0
58,5273,1,3,9,No,0
54,12378,4,1,15,No,0
57,10883,2,4,10,Yes,0
24,12678,1,4,17,No,0
30,14315,3,4,13,No,0
29,9909,1,2,7,No,0
54,12877,3,4,14,No,0
27,6940,1,3,16,No,0
25,9847,4,1,17,No,0
34,3508,2,1,5,No,0
23,6283,4,3,13,Yes,0
26,9146,4,2,2,No,0
48,6798,3,3,6,No,0
53,7168,3,1,14,Yes,1
42,6787,3,3,15,Yes,0
29,4552,4,2,15,No,0
59,8509,1,1,7,No,0
29,14000,1,2,6,No,1
24,4216,4,3,5,No,0
24,2810,4,4,1,No,0
43,7038,2,3,12,Yes,0
27,3760,3,2,11,No,0
23,6432,3,3,14,No,0
44,13960,4,4,8,Yes,0
23,3084,4,2,1,Yes,1
59,13491,1,3,16,Yes,1
38,10116,4,2,4,No,0
56,11051,1,2,10,No,0
55,5366,4,1,18,No,0
44,8398,2,1,6,No,0
51,4511,2,2,1,Yes,1
29,8751,1,3,15,No,0
43,7439,3,3,11,No,0
57,6506,2,3,14,No,0
26,4125,1,4,0,No,1
34,13456,4,2,12,Yes,0
50,3390,4,2,5,No,1
52,8578,1,4,12,No,0
37,9536,3,2,17,No,0
51,11423,1,2,2,No,1
37,6461,1,4,0,Yes,1
33,5004,2,1,14,No,0
38,11306,1,2,12,No,0
37,6306,1,4,4,No,0
33,8600,4,3,12,No,0
29,4219,2,1,4,No,1
41,9186,4,3,18,Yes,0
24,4087,4,2,17,No,0
37,9500,3,1,9,No,0
51,12303,3,4,7,No,0
44,3396,2,2,14,Yes,1
49,8058,2,4,19,Yes,1
26,10969,3,1,3,Yes,1
41,7147,3,3,1,No,0
22,12328,3,2,5,No,0
51,12850,3,2,2,No,0
42,4932,3,4,6,No,0
41,6404,4,1,9,No,1
27,13954,2,4,5,No,0
43,9337,4,1,15,No,0
39,3949,4,2,1,No,0
29,7000,1,1,16,No,0
53,7954,4,2,12,No,0
54,11924,3,1,0,No,1
37,6617,3,3,5,No,0
33,11369,1,1,4,No,1
59,13350,1,3,12,Yes,1
55,4528,1,1,17,Yes,1
35,9345,1,1,11,Yes,1
57,6258,1,4,6,No,0
54,8404,4,4,14,Yes,0
44,7124,1,2,2,Yes,0
23,12729,4,4,15,Yes,0
42,13341,2,1,0,No,0
23,11348,1,4,15,No,0
48,2665,1,1,11,No,1
30,7091,4,3,18,Yes,0
22,3089,2,1,7,Yes,1
32,7024,4,2,11,No,0
24,5321,4,3,14,No,0
44,14950,1,2,1,Yes,1
47,9009,3,2,16,Yes,1
25,10193,3,2,6,No,0
39,11954,4,4,12,No,0
27,2571,1,2,0,Yes,1
56,14208,2,3,5,Yes,1
43,6080,3,1,12,No,0
36,10462,2,2,10,No,0
43,2768,3,3,9,No,1
58,12468,1,2,15,No,0
33,4962,4,1,19,No,1
59,11960,2,3,16,No,0
39,3515,2,3,16,No,0
56,13414,4,1,3,No,0
51,11775,2,3,4,Yes,1
45,14793,3,1,13,No,1
51,10484,4,3,19,No,0
35,2906,3,3,9,Yes,1
27,9884,3,1,13,No,0
24,8549,1,1,0,No,1
37,8669,3,3,10,No,0
28,10482,1,3,17,No,0
35,13768,2,1,15,No,0
30,3485,2,4,17,Yes,1
36,14295,1,1,7,No,1
42,6985,3,3,9,No,0
56,11401,4,3,9,Yes,0
23,5118,4,3,4,Yes,0
48,8789,1,1,9,No,1
23,12103,2,3,17,Yes,0
56,9428,2,4,5,No,0
39,7868,4,2,2,Yes,1
35,7121,1,4,7,Yes,1
41,12177,4,1,8,No,0
39,13642,3,3,4,Yes,0
31,13626,3,1,1,No,0
46,10066,1,2,1,No,0
23,14806,1,1,6,Yes,1
46,7170,3,3,16,Yes,0
54,10158,2,2,9,No,0
57,3503,1,2,11,Yes,1
52,13158,3,3,1,No,0
35,10004,3,3,9,No,0
22,4966,2,3,19,Yes,1
37,12630,2,1,0,No,0
24,4439,2,4,3,Yes,1
56,4135,2,1,12,Yes,1
27,12390,4,1,11,Yes,1
46,10595,2,4,10,No,0
34,8765,4,3,9,No,0
55,12783,1,3,14,No,0
29,4395,3,4,4,No,0
42,9024,4,4,16,Yes,0
55,14932,1,1,4,No,1
25,14090,1,2,1,No,0
46,3573,4,4,8,No,0
36,7684,1,1,5,Yes,1
25,4902,1,2,17,Yes,1
33,7395,4,3,13,No,0
53,9831,1,3,18,No,0
53,13904,2,1,13,No,1
49,14729,2,1,7,No,0
34,11843,3,4,16,No,0
52,13137,1,3,2,No,0
35,4456,3,1,9,No,1
41,9523,2,3,16,No,0
39,6407,2,3,10,No,0
50,3307,2,4,7,No,1
27,10878,1,2,0,Yes,1
53,7327,1,4,12,No,0
50,7024,2,1,3,No,0
23,11999,3,4,6,No,0
44,4784,3,4,13,Yes,1
40,7813,4,3,4,Yes,1
52,3257,2,4,10,No,1
26,14923,3,1,16,Yes,1
40,7387,2,2,4,No,0
55,6354,3,4,19,No,0
31,14958,4,4,2,No,0
46,12898,4,2,4,Yes,1
23,6058,2,1,14,No,0
32,12272,3,1,18,No,0
52,3461,1,4,15,No,1
36,6347,4,3,7,No,0
30,9226,2,4,12,Yes,0
44,6075,2,2,15,Yes,0
40,11567,3,2,2,Yes,0
30,4918,2,2,0,No,0
56,6698,4,4,8,Yes,1
42,3501,2,4,8,No,0
30,7744,2,1,16,No,0
49,14076,1,3,1,Yes,1
28,9619,1,4,8,Yes,1
37,6566,4,1,18,No,0
37,5345,3,4,12,No,0
54,12173,1,1,4,Yes,1
25,13993,3,1,8,Yes,1
25,11349,4,3,12,No,0
38,7816,1,4,0,Yes,1
58,13472,3,1,14,No,1
50,2922,1,2,3,Yes,1
57,9215,4,2,3,No,0
59,14373,4,2,19,No,0
58,6766,1,3,9,No,1
56,10049,3,1,5,No,0
28,8816,2,3,11,No,0
48,5210,2,4,19,Yes,0
49,11144,1,4,15,Yes,1
43,13089,3,1,2,No,0
35,10569,2,2,13,No,0
28,12667,4,1,0,No,0
58,4157,3,1,9,No,1
43,5041,2,1,14,No,0
26,9263,3,3,6,No,0
23,5575,1,4,3,No,0
48,5664,3,1,13,No,0
42,13658,2,1,15,No,0
59,4553,1,1,13,No,1
36,10979,3,3,2,No,0
42,8237,4,3,16,Yes,0
31,5717,2,3,13,No,0
44,14546,1,1,17,Yes,1
26,3947,3,2,2,No,0
22,8509,4,2,18,Yes,1
34,3107,2,2,2,Yes,1
42,7052,4,4,11,No,0
47,4264,3,1,4,No,1
42,11917,3,2,9,No,0
39,11927,1,2,8,No,0
58,11721,4,2,0,No,0
53,5171,1,1,12,Yes,1
57,9019,2,2,2,No,0
38,6462,1,2,18,No,0
56,5677,2,1,10,No,0
32,6222,3,4,15,No,0
42,7406,3,3,5,No,0
47,9763,4,2,2,No,0
25,7554,2,3,18,No,0
55,12167,3,4,5,No,0
39,13588,4,4,7,No,0
56,3308,4,2,12,No,0
50,11670,1,1,11,Yes,1
50,13155,4,4,9,No,0
59,3225,3,3,2,No,0
42,13193,1,3,3,Yes,1
34,14054,2,3,0,No,0
38,10201,2,3,12,No,0
30,3716,3,4,3,No,1
22,6551,3,2,10,No,0
23,4697,1,2,18,No,1
50,5306,1,3,10,Yes,1
54,11470,3,2,11,No,0
31,3472,3,3,10,No,0
42,13502,2,3,5,No,0
49,8134,2,1,11,Yes,1
32,9983,2,4,8,Yes,0
55,4623,3,4,9,No,0
29,11290,4,3,2,No,0
43,14033,3,4,2,No,0
29,2724,3,2,19,No,1
36,11532,2,3,15,No,0
38,4314,3,1,2,No,1
44,3606,1,2,9,No,1
45,2624,3,1,10,Yes,1
40,5746,3,1,7,No,0
26,5431,3,4,5,No,0
53,14817,3,4,19,No,0
22,5471,4,3,10,No,0
44,4517,3,4,11,No,0
58,9915,1,1,15,No,0
29,4915,1,1,17,No,1
34,5596,3,2,12,No,0
29,4109,2,1,2,No,1
44,3217,4,3,14,No,1
22,6061,3,3,13,No,0
45,11708,3,4,17,No,0
56,14257,3,4,13,No,0
45,9282,2,4,4,Yes,1
38,12652,2,3,13,No,0
26,3548,2,1,7,No,1
41,12049,4,4,14,No,0
42,14118,1,2,14,Yes,1
52,10807,4,4,18,No,0
57,12787,2,3,19,Yes,0
32,10405,1,4,5,No,0
36,12493,1,1,18,No,1
40,12838,2,4,7,No,0
28,8078,2,3,5,Yes,0
49,4120,4,3,19,Yes,1
26,9048,2,2,14,Yes,1
26,9881,1,3,2,Yes,1
51,7280,3,2,9,No,0
53,13642,2,1,14,No,0
29,6292,2,3,15,No,0
31,5441,4,4,16,No,0
59,8195,4,1,18,Yes,0
53,8901,2,4,10,Yes,1
49,11669,1,4,15,Yes,1
38,8697,1,4,4,No,0
52,13758,3,1,4,No,0
29,7950,2,1,13,Yes,1
46,11475,4,3,17,Yes,0
30,10932,1,4,7,No,0
23,8374,3,2,4,No,0
36,4053,2,3,6,No,0
24,3512,1,1,15,No,1
57,10878,2,2,13,Yes,0
25,4381,2,1,4,No,1
35,9299,1,2,8,No,1
46,7086,1,3,3,No,0
31,11122,1,2,3,No,0
42,10930,2,3,15,No,0
57,8947,2,1,16,Yes,0
33,4845,3,2,14,No,0
48,2575,4,4,3,Yes,1
23,12048,2,4,5,Yes,0
34,8377,4,1,15,No,0
53,9285,1,2,3,Yes,1
52,7422,2,4,5,No,0
37,10590,3,3,4,No,0
53,4830,3,2,15,Yes,1
53,7186,4,2,15,No,0
55,4402,1,4,9,No,1
32,14705,4,3,8,No,0
31,7170,1,3,3,No,0
36,9643,3,3,13,No,0
38,4559,4,2,3,No,0
39,2640,3,1,11,No,1
30,4289,3,2,9,No,0
46,14318,1,2,3,No,0
35,2516,4,4,17,No,0
46,2964,4,1,12,Yes,1
43,6971,3,3,12,No,0
51,4327,3,4,13,No,0
41,13720,1,2,17,No,0
42,11211,2,1,0,No,0
53,8456,2,3,15,Yes,0
42,2589,3,3,14,Yes,1
56,7315,2,2,4,Yes,0
53,5351,2,3,5,Yes,0
51,5343,2,3,5,No,0
33,12576,2,1,2,No,0
39,14863,3,4,15,No,0
42,11617,2,1,11,Yes,1
34,14426,2,4,3,No,0
42,9043,1,4,0,No,0
29,8401,3,4,3,No,0
28,3469,4,3,0,No,0
44,3594,4,1,7,Yes,1
53,8624,1,3,4,No,0
32,9847,1,2,1,No,0
43,5695,3,1,11,Yes,1
43,3904,4,4,16,Yes,1
46,14056,2,3,6,Yes,1
43,9440,1,3,10,Yes,1
49,6790,4,1,3,No,0
50,6482,3,1,4,No,0
34,14705,2,4,5,Yes,0
39,8055,3,4,10,No,0
23,10454,1,2,0,No,0
50,7213,4,4,9,Yes,0
42,5592,4,3,19,Yes,0
36,6659,4,2,10,Yes,0
48,8808,4,2,16,No,0
52,12766,2,2,7,Yes,0
36,9978,2,1,12,No,0
44,10976,3,4,19,No,0
45,7433,2,2,17,No,0
34,7426,1,1,15,Yes,1
43,11879,1,1,1,No,1
58,6469,4,2,4,No,0
54,5465,1,2,17,No,0
24,6819,3,3,2,No,0
40,11475,2,2,16,No,0
44,9608,2,3,15,No,0
50,11641,2,2,5,No,0
51,6439,1,2,18,No,0
46,2544,2,4,6,Yes,1
58,4310,4,2,17,No,0
29,7066,4,2,13,No,0
37,12773,4,3,5,No,0
29,14190,1,3,7,Yes,1
22,11521,2,4,14,No,0
26,4409,1,2,14,No,1
24,8864,2,2,14,Yes,0
22,5081,3,3,15,Yes,0
25,3191,3,1,0,No,1
56,14711,1,1,10,No,0
53,3431,4,1,4,No,1
55,10410,1,3,4,Yes,1
46,8882,4,3,5,No,0
31,5906,2,1,1,No,0
42,10839,4,1,5,No,1
48,3532,4,2,13,No,0
48,3811,2,3,10,No,0
23,11079,3,3,3,No,0
34,5621,2,1,8,Yes,1
30,4373,1,1,2,No,1
57,14280,1,4,15,No,0
43,11607,1,3,10,No,0
47,12570,1,4,3,No,0
33,9281,1,2,0,No,0
38,6248,3,4,15,Yes,0
35,2777,3,1,18,Yes,1
35,12669,4,3,15,No,0
55,4359,1,3,10,No,1
41,13728,2,4,7,No,0
32,14063,1,4,0,Yes,1
37,8429,3,2,8,No,0
52,9292,1,2,11,Yes,1
27,7213,3,1,7,Yes,1
40,12874,4,1,16,No,0
58,7175,4,1,9,No,0
25,3670,4,4,6,No,0
25,11181,3,4,18,Yes,0
41,13217,1,3,5,No,0
31,11874,1,1,18,No,0
45,14950,2,4,17,No,0
56,13180,3,3,14,No,0
47,12568,2,1,1,No,0
58,7808,4,2,13,No,0
59,4962,1,2,9,No,1
42,12322,3,4,15,No,0
42,2787,2,3,6,Yes,1
31,8453,2,2,7,No,0
59,6782,2,3,9,Yes,0
25,4407,1,3,14,Yes,1
41,3661,1,2,7,Yes,1
38,2629,1,3,12,No,1
28,8837,3,2,11,No,0
25,4863,1,4,7,No,1
50,10651,3,1,14,No,0
35,8483,2,1,11,Yes,1
24,2643,2,4,10,No,0
45,10707,4,2,18,Yes,0
58,9969,1,2,13,No,0
37,2744,2,2,17,No,0
25,3426,1,2,12,Yes,1
45,5678,3,4,3,Yes,0
55,4676,2,1,16,No,0
51,7502,1,3,18,No,0
39,3386,2,3,8,No,0
40,11032,2,1,6,No,0
52,12743,1,4,0,No,0
40,5898,2,3,6,No,1
40,14642,2,1,6,Yes,1
43,10997,2,4,19,Yes,0
45,11599,2,3,6,No,0
33,5154,3,2,7,No,0
51,14484,2,2,15,Yes,1
59,9892,4,4,2,Yes,1
52,14734,2,2,12,Yes,0
57,3871,1,4,9,Yes,1
40,9635,4,1,17,Yes,0
57,2820,3,1,6,No,0
51,7154,4,3,4,No,0
54,14751,4,4,6,No,0
39,7800,4,3,16,No,0
49,9261,1,3,3,No,1
32,9354,1,1,15,No,1
54,8005,1,3,18,No,0
38,11823,3,2,9,No,0
27,13270,1,3,2,No,0
25,9053,1,4,2,No,0
41,6542,4,2,16,No,0
48,14059,1,1,9,No,0
36,11509,2,4,16,No,0
27,9998,1,2,16,No,1
35,9136,3,4,3,Yes,1
32,9862,3,2,5,No,0
30,2511,2,4,11,No,1
47,2694,3,4,19,Yes,1
37,5037,3,2,16,No,0
26,5342,4,1,16,No,0
31,4729,2,1,9,Yes,1
24,5509,4,4,6,No,0
34,10484,4,4,15,Yes,0
51,4577,1,1,12,No,1
27,10345,2,1,2,No,0
38,6367,1,3,1,No,0
40,7373,1,1,15,No,0
56,11135,4,4,5,No,0
47,2797,3,2,5,No,0
26,8356,2,1,12,No,0
50,11536,3,3,6,No,0
58,3515,4,3,4,No,0
41,3884,4,3,6,No,0
42,12089,4,2,1,Yes,0
31,11245,4,1,16,No,0
26,4850,4,1,12,Yes,1
57,3769,4,1,15,No,1
27,3760,3,2,19,No,0
47,10201,1,2,1,Yes,1
25,10876,3,4,4,Yes,1
56,7063,2,3,17,Yes,1
22,9397,3,3,6,No,0
45,13102,4,1,10,No,1
57,8172,3,2,10,No,0
27,12901,1,2,16,No,0
52,8093,2,1,15,Yes,1
41,14364,3,1,12,No,0
45,8655,1,4,4,No,1
46,8043,3,3,19,No,0
57,9740,2,3,15,Yes,0
42,7183,3,3,15,No,0
51,4381,4,4,15,No,0
45,14988,3,1,13,No,0
51,11213,1,1,5,No,1
43,12579,3,3,1,No,0
49,13244,1,3,13,No,0
28,6309,2,4,15,Yes,0
56,8307,3,2,19,No,0
49,7383,2,2,12,No,0
35,9706,2,3,14,Yes,1
31,6655,3,4,11,No,0
37,7173,1,3,8,No,0
37,14171,2,2,17,No,0
52,3909,2,3,13,No,0
46,12386,3,2,19,No,0
34,7697,3,2,3,No,0
27,9952,3,2,7,Yes,1
30,11218,3,1,7,No,0
57,13352,3,1,15,Yes,1
41,4672,4,3,9,Yes,1
39,2779,3,2,16,No,0
42,13656,1,1,0,No,1
25,6477,2,3,17,No,0
54,5169,1,3,9,Yes,1
48,13585,1,3,3,No,0
28,10325,4,3,0,Yes,0
27,12443,3,3,3,No,0
36,6481,2,4,3,No,0
39,7269,1,2,3,Yes,1
53,7747,3,3,16,No,0
32,13053,3,4,8,Yes,1
41,6927,4,2,18,No,0
45,8635,4,1,12,No,0
36,8073,4,3,3,No,0
28,6631,2,4,4,No,0
42,12400,1,1,12,No,0
47,9689,4,4,15,Yes,0
35,13378,4,2,4,Yes,0
58,13587,4,2,7,No,0
42,7035,1,1,15,No,1
39,5276,1,4,0,Yes,1
26,11811,4,3,5,No,0
24,13680,4,3,10,No,0
44,14951,3,1,15,No,0
47,14935,4,1,4,No,1
58,10197,2,1,15,No,0
45,10886,2,4,6,No,0
40,3162,4,3,18,Yes,1
46,11171,1,3,0,No,0
42,10544,3,3,8,Yes,1
33,6718,1,1,17,Yes,1
54,12115,4,3,12,No,0
25,7560,2,2,14,No,0
28,13400,3,1,2,Yes,1
43,13867,1,3,9,No,0
54,8374,1,4,8,No,0
38,8081,4,1,12,Yes,1
45,14506,3,2,15,No,0
55,4514,2,2,2,No,0
49,6289,4,4,14,Yes,0
43,13135,3,4,16,No,0
38,11603,1,1,13,No,0
55,9648,4,1,6,No,0
27,10266,1,2,19,No,0
27,13905,1,4,15,Yes,1
55,4864,4,1,7,No,1
22,6129,4,2,3,Yes,0
31,8419,4,4,19,No,0
42,8175,4,2,14,No,0
26,14164,4,3,4,Yes,0
23,11372,1,4,12,No,0
43,9138,2,1,5,Yes,1
23,7151,2,1,4,No,0
31,3109,4,3,16,No,0
55,10440,1,4,6,Yes,1
37,12848,2,2,5,No,0
43,6366,2,1,1,No,0
33,2871,2,3,10,Yes,1
45,9498,1,3,6,No,0
59,3115,4,4,7,No,0
31,9411,4,4,4,No,0
56,8510,4,1,17,No,0
53,4753,3,3,15,No,0
28,7442,3,2,13,No,0
42,14830,3,3,11,No,0
41,3364,1,2,16,No,1
47,3768,2,2,4,Yes,1
25,9954,2,1,13,No,0
43,11476,1,3,5,No,0
36,7071,1,2,14,No,0
42,14870,4,4,6,Yes,1
36,7729,4,2,13,No,0
43,4737,3,4,17,No,0
49,6554,3,4,0,No,0
35,3435,1,3,5,No,0
48,14672,3,4,2,No,0
49,8894,2,2,4,No,0
47,10391,1,4,11,No,0
23,13030,1,3,10,Yes,1
46,2825,2,1,12,No,0
24,12226,4,2,15,Yes,1
29,14172,4,2,17,No,0
54,10274,2,3,16,No,0
56,6361,2,3,16,No,0
27,4485,3,3,10,Yes,1
44,7432,1,3,19,No,0
46,7103,3,2,9,Yes,0
40,5278,2,1,15,Yes,1
26,11962,3,4,1,Yes,0
32,11332,2,4,16,No,0
33,10254,3,1,19,No,0
31,6578,3,1,9,No,0
29,3867,4,1,12,No,1
45,6542,2,3,11,Yes,0
49,5075,3,2,14,No,0
57,9254,1,2,6,Yes,0
58,14295,3,2,12,Yes,0
42,4081,3,3,11,Yes,1
29,4486,1,2,11,No,1
30,4740,2,3,1,No,1
36,6466,4,2,4,No,0
39,12797,4,1,1,No,0
41,10104,4,4,19,No,0
27,10820,1,4,12,Yes,1
33,8468,3,3,2,No,0
23,14688,2,2,10,No,0
28,11543,3,4,15,No,0
37,9993,4,1,0,No,1
24,6603,3,1,18,No,1
24,4576,1,1,10,Yes,1
48,7731,1,3,8,No,0
59,5494,2,3,13,No,0
54,6244,2,2,8,Yes,1
49,13448,4,1,6,No,0
22,8094,2,2,15,No,0
29,10031,3,2,2,Yes,1
58,9871,1,1,18,No,1
53,4144,1,2,3,No,0
58,5644,1,4,6,No,0
25,2742,2,3,11,Yes,1
51,6585,1,2,17,Yes,1
27,10454,1,1,4,No,0
40,9769,1,3,9,No,0
53,9630,4,3,11,No,0
30,9328,4,2,7,Yes,0
33,10862,2,4,18,Yes,0
32,11344,1,2,14,Yes,1
37,8831,2,4,0,No,0
22,6012,1,3,2,No,0
42,3999,1,2,17,No,0
51,12791,1,1,17,No,0
34,4658,2,2,1,No,0
55,12664,2,4,4,No,0
25,14617,1,4,0,Yes,1
49,7662,3,2,9,No,0
59,12950,2,4,19,No,0
52,6539,4,3,9,Yes,0
48,4535,2,2,4,Yes,1
26,13963,1,4,17,No,0
46,10477,3,2,14,No,0
24,3357,1,2,19,Yes,1
54,6323,4,1,7,Yes,1
25,9270,2,2,16,No,0
46,11741,2,1,11,No,0
41,14682,1,4,11,No,0
55,2798,1,1,0,Yes,1
47,9744,4,1,3,Yes,0
26,3423,3,1,7,Yes,1
56,6732,4,3,0,Yes,1
49,6806,3,1,14,No,0
50,5299,2,2,17,No,0
30,9078,3,1,0,No,0
59,7375,3,2,10,No,0
27,7826,2,1,1,Yes,1
40,14754,2,3,0,No,0
32,9082,2,4,11,No,0
23,14737,4,1,15,No,0
30,4302,2,1,9,Yes,1
42,13405,1,3,17,No,1
45,13545,2,1,14,Yes,1
55,5157,2,2,16,Yes,0
43,5846,2,1,9,No,0
24,12163,3,1,2,No,0
33,5449,4,4,15,Yes,0
49,3441,2,4,5,Yes,1
51,4407,4,1,2,No,1
47,7337,1,3,8,Yes,1
42,10605,1,4,10,No,0
49,3743,2,1,12,Yes,1
47,8196,1,4,17,Yes,1
54,3966,4,1,3,No,0
42,6457,3,4,7,No,0
56,4466,2,4,12,Yes,1
55,2875,1,2,9,No,1
39,2762,4,1,1,Yes,1
32,6862,4,1,7,Yes,1
44,9002,1,1,5,No,1
43,14080,4,1,15,No,0
38,14087,4,4,17,No,0
26,12636,2,2,16,No,0
32,10333,4,2,5,No,0
51,4393,1,3,12,No,1
36,10606,2,1,13,Yes,0
48,14326,1,3,9,Yes,1
56,4152,3,4,10,No,0
54,8040,1,3,12,No,0
41,14833,1,1,11,No,0
37,6392,2,2,8,No,0
55,3099,4,2,3,No,0
23,7315,1,1,6,Yes,1
56,4412,2,4,1,No,1
49,11984,3,1,6,No,0
27,11292,2,4,8,No,0
30,11072,2,2,4,Yes,1
41,6713,4,4,14,No,0
22,6137,1,1,17,No,0
29,12855,3,1,3,No,1
44,11790,2,1,18,No,0
24,8099,1,4,19,No,0
25,8948,1,4,6,No,0
46,11057,2,4,7,No,0
59,13262,1,2,16,Yes,1
36,14111,2,3,12,No,0
42,9882,2,3,10,No,0
56,13168,2,1,0,No,0
35,11482,3,2,1,Yes,1
57,6069,2,4,16,No,0
33,10207,4,1,4,Yes,1
38,3246,1,2,5,Yes,1
30,11004,3,1,6,No,0
56,7133,1,2,14,Yes,1
34,3420,3,2,18,Yes,1
36,11769,4,3,15,No,0
39,9508,3,1,12,Yes,1
54,13521,3,4,4,No,0
27,4881,3,3,2,Yes,1
48,6118,1,3,2,No,0
44,11489,2,4,18,No,0
48,6943,1,2,13,No,0
55,2772,2,4,15,Yes,1
59,13702,1,1,16,Yes,1
35,4273,4,4,3,Yes,1
57,5047,4,2,12,No,0
29,5664,3,4,7,No,0
56,7280,4,2,18,Yes,0
40,3446,3,2,4,Yes,1
51,13357,2,1,1,Yes,1
35,3006,4,4,14,No,0
41,9219,2,4,1,No,0
46,10935,1,1,10,No,1
45,11197,2,2,12,No,0
35,13850,1,4,9,No,1
47,8860,2,1,2,Yes,1
59,10157,2,2,4,Yes,0
44,6090,4,1,2,No,0
43,12564,2,4,5,No,0
40,14485,4,1,12,No,1
24,3692,4,3,9,No,0
40,3964,3,2,18,No,0
30,2890,3,3,7,No,0
49,8115,1,3,17,No,0
41,14069,2,2,2,No,0
28,8606,1,2,16,Yes,1
35,11364,2,1,7,No,1
30,5060,3,2,9,No,0
40,8367,3,3,1,No,0
35,3711,2,3,11,No,0
59,11621,2,4,5,No,0
57,4039,3,2,1,Yes,1
38,11604,3,3,2,No,0
51,3143,1,4,16,Yes,1
30,11193,3,4,6,No,0
54,11421,2,1,4,No,1
46,3783,1,3,0,Yes,1
35,10180,2,1,7,Yes,1
32,12810,4,3,11,No,0
56,9845,1,1,13,No,1
35,6886,2,1,15,Yes,0
51,14528,3,2,9,No,0
25,3419,4,1,14,No,0
25,14742,2,2,14,Yes,0
49,4839,1,4,9,No,0
29,11447,2,3,6,No,0
23,8430,4,4,2,No,0
43,7902,1,3,1,No,0
37,8163,4,4,5,Yes,1
50,12561,2,3,8,Yes,1
51,7775,3,1,9,Yes,1
33,3007,3,3,3,No,0
56,3936,2,3,2,No,0
32,13267,2,4,8,No,0
42,14118,2,4,16,No,0
42,11250,1,4,13,No,0
26,9854,4,2,9,No,0
41,13794,4,2,12,No,0
58,7016,4,3,11,Yes,1
24,6122,2,3,0,Yes,1
54,6899,4,1,18,No,0
30,7537,2,1,18,No,0
30,14749,1,3,5,No,0
25,10611,3,2,12,No,0
56,6215,2,3,18,Yes,1
38,10337,2,1,12,No,0
55,3801,3,2,3,No,0
45,9870,3,2,1,No,0
53,7685,1,1,14,No,0
22,4655,4,3,11,No,0
29,8911,2,4,6,No,0
44,8865,4,3,19,No,0
33,3192,2,3,17,No,0
33,3978,1,1,12,No,1
36,8896,3,2,16,Yes,1
40,10948,1,1,3,Yes,1
47,13122,3,3,13,Yes,1
50,2941,4,4,19,Yes,1
43,12573,4,4,12,No,0
42,5146,1,4,2,No,0
59,7709,3,1,17,Yes,0
41,14512,1,2,13,Yes,1
50,9033,3,1,14,Yes,1
25,7177,3,4,2,No,0
28,9711,4,3,0,No,0
49,12427,4,2,16,No,0
49,14427,3,1,2,No,0
25,5145,3,1,13,Yes,1
43,10710,3,2,2,No,0
33,11816,4,2,12,Yes,0
24,14677,4,3,14,No,0
43,13346,2,2,17,No,0
23,10433,3,3,13,No,0
45,7976,2,4,2,No,0
55,10428,3,4,18,No,0
48,4580,4,1,7,Yes,1
22,8589,2,4,3,Yes,1
29,9896,2,4,3,No,0
44,12239,1,3,18,No,0
59,10297,3,1,10,Yes,1
27,3361,4,2,0,No,1
43,10846,1,1,7,No,1
46,5994,1,4,14,No,0
39,3404,3,2,0,No,1
38,3769,1,1,6,No,1
33,2904,3,1,19,No,0
27,11535,1,1,19,No,0
47,12474,3,1,10,No,0
48,12256,4,3,13,No,0
29,3684,3,1,15,No,1
40,11438,3,4,13,Yes,0
22,4225,2,4,11,Yes,1
50,13880,4,3,16,No,0
56,10962,4,2,13,No,0
35,8311,4,2,9,No,0
56,8106,1,4,13,Yes,0
41,6456,2,4,17,Yes,0
34,2671,4,3,8,No,0
59,10965,1,2,16,Yes,1
29,4806,1,2,5,Yes,1
41,11850,1,1,7,No,1
54,12398,2,1,12,Yes,1
47,12463,1,1,17,No,0
42,2921,2,3,4,No,0
30,8040,3,4,5,Yes,0
45,11901,1,3,18,No,0
58,7175,4,2,3,No,0
38,11582,1,4,6,No,0
45,13959,3,1,3,No,0
42,9248,3,3,10,No,0
34,8603,1,3,11,No,0
32,3973,3,1,13,No,1
40,5743,2,3,12,No,0
32,4681,2,1,9,Yes,1
34,12141,1,2,17,Yes,1
22,5596,2,4,15,Yes,1
40,9146,2,2,4,No,0
33,13948,4,2,7,Yes,0
29,13848,1,1,13,No,0
29,12282,3,3,4,No,0
33,8382,1,2,7,Yes,1
54,14931,2,2,5,No,0
47,8482,4,2,15,No,0
49,14673,1,3,3,Yes,1
26,8298,1,3,11,No,1
29,12127,2,1,10,No,0
46,10915,2,2,2,No,0
48,10911,1,4,11,Yes,1
44,14966,2,3,4,No,0
51,12346,2,1,5,No,1
44,10956,2,2,18,No,0
41,11645,2,4,17,Yes,0
39,7024,2,3,15,No,0
39,14425,4,4,10,No,0
23,9059,2,3,4,No,0
25,10120,3,1,8,No,0
51,5274,1,4,2,No,1
54,8173,4,2,7,No,0
57,5624,4,2,5,No,0
39,11171,2,3,3,No,0
58,14206,1,2,11,Yes,1
40,3853,3,4,11,No,1
49,14014,2,1,15,No,0
41,14570,1,3,9,Yes,1
54,11581,2,4,13,No,0
33,6354,2,3,12,Yes,1
36,10634,2,1,8,No,0
23,3424,2,3,6,No,0
50,4670,2,2,11,Yes,1
31,12594,2,2,4,No,0
23,8006,2,3,17,Yes,0
32,4895,3,1,3,No,0
34,10720,4,1,1,No,0
31,10726,3,2,2,No,0
35,14281,2,1,11,Yes,0
39,8015,2,3,2,Yes,1
30,5170,3,4,3,No,0
49,5865,3,3,5,No,0
24,3088,4,2,11,Yes,1
41,13910,3,2,18,Yes,1
27,5638,4,2,9,Yes,1
48,11595,2,1,0,No,0
23,9163,1,3,16,No,0
50,6586,1,4,15,Yes,0
59,12861,1,3,8,No,0
24,11031,1,4,8,Yes,1
37,6770,2,3,8,No,0
51,8519,1,2,11,No,1
23,12406,3,4,8,No,0
38,3056,3,3,14,No,1
33,10522,1,1,1,No,1
56,13779,3,1,10,No,0
22,7952,4,3,10,No,0
36,13958,2,2,7,No,0
47,6067,1,4,5,Yes,1
58,12748,1,3,19,No,0
42,6399,2,1,6,No,0
52,8977,3,4,2,Yes,1
46,10000,2,1,7,Yes,1
44,3516,2,1,17,No,1
45,8970,3,3,16,Yes,0
59,4562,2,1,10,No,1
49,11530,3,4,1,No,0
42,12329,3,2,18,No,0
39,6821,2,3,6,No,0
57,5996,4,4,17,No,0
56,4313,3,3,7,No,1
30,14171,2,1,13,Yes,1
59,8756,3,1,6,No,1
51,12143,4,4,3,Yes,0
55,4813,4,4,16,Yes,1
53,12206,1,2,4,No,0
24,3731,3,4,11,Yes,1
24,12337,3,4,8,No,0
49,8331,2,3,19,Yes,0
36,5499,3,1,12,Yes,0
44,5940,1,4,17,Yes,1
32,6556,4,2,19,Yes,0
53,2805,4,4,8,No,0
57,14228,1,1,3,No,1
54,12415,3,4,7,No,0
45,4189,3,3,0,No,0
55,12209,1,1,16,Yes,1
49,6417,2,4,8,No,0
58,9580,4,3,19,Yes,1
28,11111,1,1,12,No,0
25,5436,1,4,1,No,1
58,6362,3,3,12,No,0
22,14921,4,2,8,No,0
22,12142,3,3,19,No,0
41,13788,1,2,5,No,0
40,8149,2,4,0,No,0
50,5761,4,3,4,Yes,1
31,11856,1,2,2,No,0
39,12561,1,1,3,No,0
49,4319,2,3,0,No,1
56,13397,1,4,13,Yes,1
52,14207,1,1,8,No,1
48,3842,4,2,3,No,0
32,8060,4,3,17,No,0
59,4726,4,3,13,Yes,1
26,3579,3,4,3,No,1
29,6706,2,1,9,No,0
55,8780,4,3,2,No,0
33,13471,3,3,6,No,0
59,13220,3,1,9,No,0
22,9735,2,3,12,Yes,0
52,3313,2,1,3,Yes,1
25,7589,1,1,17,No,0
26,4531,3,1,10,No,1
51,11014,4,4,3,Yes,1
45,13661,2,1,13,No,0
24,11595,3,1,17,No,0
32,12233,4,2,7,No,0
25,8411,3,2,9,Yes,0
47,14195,2,4,4,Yes,1
48,5153,1,1,6,No,1
48,13168,3,2,11,No,0
27,5840,4,2,2,No,0
36,10376,2,3,3,No,0
51,14935,1,1,9,No,1
58,3641,4,2,3,No,1
58,11541,4,4,14,No,0
58,11058,4,3,9,No,0
56,5397,3,3,15,No,0
44,11781,2,1,14,Yes,1
27,6541,4,1,18,No,0
25,4538,3,3,19,Yes,1
39,13552,2,4,18,No,0
30,6770,2,1,17,No,0
50,12546,3,1,11,Yes,1
34,7183,3,3,15,No,0
38,2994,4,3,0,No,0
53,9616,2,1,15,No,0
43,13874,1,2,1,Yes,1
25,4284,3,1,14,No,1
26,6010,2,2,6,Yes,0
58,6286,2,3,0,Yes,1
34,7766,4,2,4,Yes,0
55,14822,1,4,9,Yes,1
43,11690,4,3,3,No,0
44,7928,1,1,13,No,1
24,9181,1,1,12,No,1
55,9393,3,3,0,No,0
53,12143,2,3,15,Yes,0
42,12443,2,4,8,No,0
42,12972,2,3,15,Yes,1
32,7158,1,1,18,No,1
25,9582,2,4,14,No,0
22,13626,3,1,13,Yes,1
49,9369,1,2,19,No,0
45,14426,1,3,9,Yes,1
56,10107,1,2,11,No,0
34,10169,1,1,0,Yes,1
55,14038,3,2,16,No,0
32,12565,2,2,8,Yes,0
57,8719,3,1,18,No,0
38,7034,2,1,17,No,0
56,14495,3,3,6,No,0
39,8479,4,2,8,No,0
43,12671,4,4,11,No,0
45,11390,4,4,6,No,0
40,3812,4,1,13,Yes,1
58,5462,1,1,14,Yes,1
42,5438,1,2,14,No,0
29,12992,3,1,5,No,0
49,5697,3,4,13,No,0
26,7796,4,3,1,Yes,1
38,9704,2,3,7,No,0
58,8230,4,2,12,Yes,1
57,2626,3,3,5,No,0
40,8102,4,1,4,No,1
48,3691,3,1,4,Yes,1
55,5139,4,1,0,No,0
32,14608,2,1,8,Yes,1
33,3866,4,2,5,No,0
42,11711,2,3,19,No,0
32,8953,2,4,6,No,0
49,9171,3,3,8,No,0
26,9183,2,1,4,Yes,1
38,14771,1,4,13,No,0
41,7039,1,2,4,No,0
33,11376,1,1,7,No,0
27,14321,3,1,6,Yes,1
38,5387,1,4,12,No,0
40,12154,3,2,12,No,0
47,6586,3,4,7,No,0
53,4761,1,2,10,No,0
27,6680,2,1,17,No,1
57,5341,4,3,18,No,0
59,12459,3,1,5,No,0
32,14872,1,3,1,Yes,1
54,8540,3,3,12,No,0
45,6060,2,2,10,No,0
44,12804,2,4,0,No,0
36,7258,1,2,1,No,0
48,3126,3,1,16,No,0
32,14851,4,4,7,Yes,1
38,14106,4,3,1,No,0
35,7514,3,3,5,No,0
48,3875,3,1,4,No,1
39,3681,3,4,15,No,0
49,8208,1,1,7,No,1
25,2990,2,1,18,Yes,1
28,6229,4,2,15,No,0
56,8474,1,1,12,No,1
30,6034,3,4,19,No,0
29,5796,3,1,6,No,0
38,4440,2,4,15,Yes,1
38,7514,3,3,15,Yes,0
54,4382,1,1,11,No,1
53,7408,1,4,13,No,0
29,5487,2,3,17,No,0
40,8085,1,4,17,No,0
59,5659,4,3,15,No,0
24,7030,1,2,19,No,0
26,3181,1,1,15,Yes,1
34,7754,1,1,12,No,1
52,3573,4,3,8,No,0
37,4887,3,2,8,Yes,1
53,13086,1,4,12,No,0
43,5193,2,2,3,No,0
50,12062,4,4,8,No,0
43,6840,2,4,14,Yes,0
24,4656,1,1,13,No,1
31,10466,2,3,18,Yes,1
42,5080,1,1,11,Yes,1
37,9757,4,1,5,No,0
33,4659,2,1,2,No,1
23,13940,2,4,19,No,0
45,14423,1,1,15,No,1
56,14521,1,4,19,No,0
51,9272,3,3,16,No,0
51,4127,1,4,15,No,1
56,14164,1,4,5,No,0
40,10719,3,2,7,No,0
29,9580,1,1,18,No,0
47,4485,1,1,1,Yes,1
28,14845,3,1,13,No,0
51,12213,4,1,11,No,0
28,10988,4,2,16,No,0
24,4681,1,2,14,No,0
22,14094,1,2,17,Yes,1
57,4796,3,2,15,No,0
46,9664,3,1,12,No,0
